year,cat_sub,cat_act,zone,rate
1999,GROVFO,120,1,14
1999,GROVFO,120,2,14
1999,GROVFO,120,3,14
1999,GROVFO,120,4,14
1999,GROVFO,120,5,15
1999,GROVFO,120,6,18
1999,GROVFO,120,7,18
1999,GROVFO,121,1,14
1999,GROVFO,121,2,14
1999,GROVFO,121,3,14
1999,GROVFO,121,4,14
1999,GROVFO,121,5,15
1999,GROVFO,121,6,18
1999,GROVFO,121,7,18
1999,GROVFO,140,1,1.75
1999,GROVFO,140,2,1.75
1999,GROVFO,140,3,1.75
1999,GROVFO,140,4,1.75
1999,GROVFO,140,5,2
1999,GROVFO,140,6,2.25
1999,GROVFO,140,7,2.25
1999,GROVFO,142,1,1.75
1999,GROVFO,142,2,1.75
1999,GROVFO,142,3,1.75
1999,GROVFO,142,4,1.75
1999,GROVFO,142,5,2
1999,GROVFO,142,6,2.25
1999,GROVFO,142,7,2.25
1999,GROVFO,155,1,0.75
1999,GROVFO,155,2,0.75
1999,GROVFO,155,3,0.75
1999,GROVFO,155,4,0.75
1999,GROVFO,155,5,1
1999,GROVFO,155,6,1.25
1999,GROVFO,155,7,1.25
1999,GROVFO,180,1,0.75
1999,GROVFO,180,2,0.75
1999,GROVFO,180,3,0.75
1999,GROVFO,180,4,0.75
1999,GROVFO,180,5,1
1999,GROVFO,180,6,1.25
1999,GROVFO,180,7,1.25
1999,GROVFO,181,1,5
1999,GROVFO,181,2,5
1999,GROVFO,181,3,5
1999,GROVFO,181,4,5
1999,GROVFO,181,5,5.5
1999,GROVFO,181,6,6.5
1999,GROVFO,181,7,6.5
1999,GROVFO,183,1,0.75
1999,GROVFO,183,2,0.75
1999,GROVFO,183,3,0.75
1999,GROVFO,183,4,0.75
1999,GROVFO,183,5,1
1999,GROVFO,183,6,1.25
1999,GROVFO,183,7,1.25
1999,GROVFO,192,1,5
1999,GROVFO,192,2,5
1999,GROVFO,192,3,5
1999,GROVFO,192,4,5
1999,GROVFO,192,5,5.5
1999,GROVFO,192,6,6.5
1999,GROVFO,192,7,6.5
1999,GROVFO,193,1,5
1999,GROVFO,193,2,5
1999,GROVFO,193,3,5
1999,GROVFO,193,4,5
1999,GROVFO,193,5,5.5
1999,GROVFO,193,6,6.5
1999,GROVFO,193,7,6.5
1999,GROVFO,196,1,5
1999,GROVFO,196,2,5
1999,GROVFO,196,3,5
1999,GROVFO,196,4,5
1999,GROVFO,196,5,5.5
1999,GROVFO,196,6,6.5
1999,GROVFO,196,7,6.5
1999,GROVFO,197,1,5
1999,GROVFO,197,2,5
1999,GROVFO,197,3,5
1999,GROVFO,197,4,5
1999,GROVFO,197,5,5.5
1999,GROVFO,197,6,6.5
1999,GROVFO,197,7,6.5
1999,GROVFO,521,1,0.0025
1999,GROVFO,521,2,0.0025
1999,GROVFO,521,3,0.0025
1999,GROVFO,521,4,0.0025
1999,GROVFO,521,5,0.00308
1999,GROVFO,521,6,0.00364
1999,GROVFO,521,7,0.00364
1999,GROVFO,522,1,0.001
1999,GROVFO,522,2,0.001
1999,GROVFO,522,3,0.001
1999,GROVFO,522,4,0.001
1999,GROVFO,522,5,0.00105
1999,GROVFO,522,6,0.00125
1999,GROVFO,522,7,0.00125
1999,GROVFO,523,1,0.002
1999,GROVFO,523,2,0.002
1999,GROVFO,523,3,0.002
1999,GROVFO,523,4,0.002
1999,GROVFO,523,5,0.0025
1999,GROVFO,523,6,0.00308
1999,GROVFO,523,7,0.00308
1999,GROVFO,832,1,0.2
1999,GROVFO,832,2,0.2
1999,GROVFO,832,3,0.2
1999,GROVFO,832,4,0.2
1999,GROVFO,832,5,0.25
1999,GROVFO,832,6,0.3
1999,GROVFO,832,7,0.3
1999,GROVFO,841,1,0.02
1999,GROVFO,841,2,0.02
1999,GROVFO,841,3,0.02
1999,GROVFO,841,4,0.02
1999,GROVFO,841,5,0.02
1999,GROVFO,841,6,0.02
1999,GROVFO,841,7,0.02
1999,GROVFO,STOR,1,5
1999,GROVFO,STOR,2,5
1999,GROVFO,STOR,3,5
1999,GROVFO,STOR,4,5
1999,GROVFO,STOR,5,5.5
1999,GROVFO,STOR,6,6.5
1999,GROVFO,STOR,7,6.5
1999,GROVFO,HEST,1,12
1999,GROVFO,HEST,2,12
1999,GROVFO,HEST,3,12
1999,GROVFO,HEST,4,12
1999,GROVFO,HEST,5,13
1999,GROVFO,HEST,6,15
1999,GROVFO,HEST,7,15
1999,GROVFO,VSAU,1,1.9
1999,GROVFO,VSAU,2,1.9
1999,GROVFO,VSAU,3,1.9
1999,GROVFO,VSAU,4,1.9
1999,GROVFO,VSAU,5,2.2
1999,GROVFO,VSAU,6,2.5
1999,GROVFO,VSAU,7,2.5
1999,INMARK,120,1,7
1999,INMARK,120,2,7
1999,INMARK,120,3,7
1999,INMARK,120,4,7
1999,INMARK,120,5,7.5
1999,INMARK,120,6,9
1999,INMARK,120,7,9
1999,INMARK,121,1,7
1999,INMARK,121,2,7
1999,INMARK,121,3,7
1999,INMARK,121,4,7
1999,INMARK,121,5,7.5
1999,INMARK,121,6,9
1999,INMARK,121,7,9
1999,INMARK,140,1,2
1999,INMARK,140,2,2
1999,INMARK,140,3,2
1999,INMARK,140,4,2
1999,INMARK,140,5,2.5
1999,INMARK,140,6,3
1999,INMARK,140,7,3
1999,INMARK,142,1,2
1999,INMARK,142,2,2
1999,INMARK,142,3,2
1999,INMARK,142,4,2
1999,INMARK,142,5,2.5
1999,INMARK,142,6,3
1999,INMARK,142,7,3
1999,INMARK,181,1,2
1999,INMARK,181,2,2
1999,INMARK,181,3,2
1999,INMARK,181,4,2
1999,INMARK,181,5,2.5
1999,INMARK,181,6,3
1999,INMARK,181,7,3
1999,INMARK,192,1,3
1999,INMARK,192,2,3
1999,INMARK,192,3,3
1999,INMARK,192,4,3
1999,INMARK,192,5,4
1999,INMARK,192,6,5
1999,INMARK,192,7,5
1999,INMARK,193,1,5.5
1999,INMARK,193,2,5.5
1999,INMARK,193,3,5.5
1999,INMARK,193,4,5.5
1999,INMARK,193,5,6
1999,INMARK,193,6,7.5
1999,INMARK,193,7,7.5
1999,INMARK,196,1,3
1999,INMARK,196,2,3
1999,INMARK,196,3,3
1999,INMARK,196,4,3
1999,INMARK,196,5,4
1999,INMARK,196,6,5
1999,INMARK,196,7,5
1999,INMARK,197,1,3
1999,INMARK,197,2,3
1999,INMARK,197,3,3
1999,INMARK,197,4,3
1999,INMARK,197,5,4
1999,INMARK,197,6,5
1999,INMARK,197,7,5
1999,INMARK,STOR,1,3
1999,INMARK,STOR,2,3
1999,INMARK,STOR,3,3
1999,INMARK,STOR,4,3
1999,INMARK,STOR,5,4
1999,INMARK,STOR,6,5
1999,INMARK,STOR,7,5
1999,INMARK,HEST,1,5.5
1999,INMARK,HEST,2,5.5
1999,INMARK,HEST,3,5.5
1999,INMARK,HEST,4,5.5
1999,INMARK,HEST,5,6
1999,INMARK,HEST,6,7.5
1999,INMARK,HEST,7,7.5
1999,INMARK,VSAU,1,2.2
1999,INMARK,VSAU,2,2.2
1999,INMARK,VSAU,3,2.2
1999,INMARK,VSAU,4,2.2
1999,INMARK,VSAU,5,2.8
1999,INMARK,VSAU,6,3.3
1999,INMARK,VSAU,7,3.3
2000,GROVFO,120,1,14
2000,GROVFO,120,2,14
2000,GROVFO,120,3,14
2000,GROVFO,120,4,14
2000,GROVFO,120,5,15
2000,GROVFO,120,6,18
2000,GROVFO,120,7,18
2000,GROVFO,121,1,14
2000,GROVFO,121,2,14
2000,GROVFO,121,3,14
2000,GROVFO,121,4,14
2000,GROVFO,121,5,15
2000,GROVFO,121,6,18
2000,GROVFO,121,7,18
2000,GROVFO,140,1,1.75
2000,GROVFO,140,2,1.75
2000,GROVFO,140,3,1.75
2000,GROVFO,140,4,1.75
2000,GROVFO,140,5,2
2000,GROVFO,140,6,2.25
2000,GROVFO,140,7,2.25
2000,GROVFO,142,1,1.75
2000,GROVFO,142,2,1.75
2000,GROVFO,142,3,1.75
2000,GROVFO,142,4,1.75
2000,GROVFO,142,5,2
2000,GROVFO,142,6,2.25
2000,GROVFO,142,7,2.25
2000,GROVFO,155,1,0.75
2000,GROVFO,155,2,0.75
2000,GROVFO,155,3,0.75
2000,GROVFO,155,4,0.75
2000,GROVFO,155,5,1
2000,GROVFO,155,6,1.25
2000,GROVFO,155,7,1.25
2000,GROVFO,180,1,0.75
2000,GROVFO,180,2,0.75
2000,GROVFO,180,3,0.75
2000,GROVFO,180,4,0.75
2000,GROVFO,180,5,1
2000,GROVFO,180,6,1.25
2000,GROVFO,180,7,1.25
2000,GROVFO,181,1,5
2000,GROVFO,181,2,5
2000,GROVFO,181,3,5
2000,GROVFO,181,4,5
2000,GROVFO,181,5,5.5
2000,GROVFO,181,6,6.5
2000,GROVFO,181,7,6.5
2000,GROVFO,183,1,0.75
2000,GROVFO,183,2,0.75
2000,GROVFO,183,3,0.75
2000,GROVFO,183,4,0.75
2000,GROVFO,183,5,1
2000,GROVFO,183,6,1.25
2000,GROVFO,183,7,1.25
2000,GROVFO,192,1,5
2000,GROVFO,192,2,5
2000,GROVFO,192,3,5
2000,GROVFO,192,4,5
2000,GROVFO,192,5,5.5
2000,GROVFO,192,6,6.5
2000,GROVFO,192,7,6.5
2000,GROVFO,193,1,5
2000,GROVFO,193,2,5
2000,GROVFO,193,3,5
2000,GROVFO,193,4,5
2000,GROVFO,193,5,5.5
2000,GROVFO,193,6,6.5
2000,GROVFO,193,7,6.5
2000,GROVFO,196,1,5
2000,GROVFO,196,2,5
2000,GROVFO,196,3,5
2000,GROVFO,196,4,5
2000,GROVFO,196,5,5.5
2000,GROVFO,196,6,6.5
2000,GROVFO,196,7,6.5
2000,GROVFO,197,1,5
2000,GROVFO,197,2,5
2000,GROVFO,197,3,5
2000,GROVFO,197,4,5
2000,GROVFO,197,5,5.5
2000,GROVFO,197,6,6.5
2000,GROVFO,197,7,6.5
2000,GROVFO,521,1,0.0025
2000,GROVFO,521,2,0.0025
2000,GROVFO,521,3,0.0025
2000,GROVFO,521,4,0.0025
2000,GROVFO,521,5,0.00308
2000,GROVFO,521,6,0.00364
2000,GROVFO,521,7,0.00364
2000,GROVFO,522,1,0.001
2000,GROVFO,522,2,0.001
2000,GROVFO,522,3,0.001
2000,GROVFO,522,4,0.001
2000,GROVFO,522,5,0.00105
2000,GROVFO,522,6,0.00125
2000,GROVFO,522,7,0.00125
2000,GROVFO,523,1,0.002
2000,GROVFO,523,2,0.002
2000,GROVFO,523,3,0.002
2000,GROVFO,523,4,0.002
2000,GROVFO,523,5,0.0025
2000,GROVFO,523,6,0.00308
2000,GROVFO,523,7,0.00308
2000,GROVFO,832,1,0.2
2000,GROVFO,832,2,0.2
2000,GROVFO,832,3,0.2
2000,GROVFO,832,4,0.2
2000,GROVFO,832,5,0.25
2000,GROVFO,832,6,0.3
2000,GROVFO,832,7,0.3
2000,GROVFO,841,1,0.02
2000,GROVFO,841,2,0.02
2000,GROVFO,841,3,0.02
2000,GROVFO,841,4,0.02
2000,GROVFO,841,5,0.02
2000,GROVFO,841,6,0.02
2000,GROVFO,841,7,0.02
2000,GROVFO,STOR,1,5
2000,GROVFO,STOR,2,5
2000,GROVFO,STOR,3,5
2000,GROVFO,STOR,4,5
2000,GROVFO,STOR,5,5.5
2000,GROVFO,STOR,6,6.5
2000,GROVFO,STOR,7,6.5
2000,GROVFO,HEST,1,12
2000,GROVFO,HEST,2,12
2000,GROVFO,HEST,3,12
2000,GROVFO,HEST,4,12
2000,GROVFO,HEST,5,13
2000,GROVFO,HEST,6,15
2000,GROVFO,HEST,7,15
2000,GROVFO,VSAU,1,1.9
2000,GROVFO,VSAU,2,1.9
2000,GROVFO,VSAU,3,1.9
2000,GROVFO,VSAU,4,1.9
2000,GROVFO,VSAU,5,2.2
2000,GROVFO,VSAU,6,2.5
2000,GROVFO,VSAU,7,2.5
2000,INMARK,120,1,7
2000,INMARK,120,2,7
2000,INMARK,120,3,7
2000,INMARK,120,4,7
2000,INMARK,120,5,7.5
2000,INMARK,120,6,9
2000,INMARK,120,7,9
2000,INMARK,121,1,7
2000,INMARK,121,2,7
2000,INMARK,121,3,7
2000,INMARK,121,4,7
2000,INMARK,121,5,7.5
2000,INMARK,121,6,9
2000,INMARK,121,7,9
2000,INMARK,140,1,2
2000,INMARK,140,2,2
2000,INMARK,140,3,2
2000,INMARK,140,4,2
2000,INMARK,140,5,2.5
2000,INMARK,140,6,3
2000,INMARK,140,7,3
2000,INMARK,142,1,2
2000,INMARK,142,2,2
2000,INMARK,142,3,2
2000,INMARK,142,4,2
2000,INMARK,142,5,2.5
2000,INMARK,142,6,3
2000,INMARK,142,7,3
2000,INMARK,181,1,2
2000,INMARK,181,2,2
2000,INMARK,181,3,2
2000,INMARK,181,4,2
2000,INMARK,181,5,2.5
2000,INMARK,181,6,3
2000,INMARK,181,7,3
2000,INMARK,192,1,3
2000,INMARK,192,2,3
2000,INMARK,192,3,3
2000,INMARK,192,4,3
2000,INMARK,192,5,4
2000,INMARK,192,6,5
2000,INMARK,192,7,5
2000,INMARK,193,1,5.5
2000,INMARK,193,2,5.5
2000,INMARK,193,3,5.5
2000,INMARK,193,4,5.5
2000,INMARK,193,5,6
2000,INMARK,193,6,7.5
2000,INMARK,193,7,7.5
2000,INMARK,196,1,3
2000,INMARK,196,2,3
2000,INMARK,196,3,3
2000,INMARK,196,4,3
2000,INMARK,196,5,4
2000,INMARK,196,6,5
2000,INMARK,196,7,5
2000,INMARK,197,1,3
2000,INMARK,197,2,3
2000,INMARK,197,3,3
2000,INMARK,197,4,3
2000,INMARK,197,5,4
2000,INMARK,197,6,5
2000,INMARK,197,7,5
2000,INMARK,STOR,1,3
2000,INMARK,STOR,2,3
2000,INMARK,STOR,3,3
2000,INMARK,STOR,4,3
2000,INMARK,STOR,5,4
2000,INMARK,STOR,6,5
2000,INMARK,STOR,7,5
2000,INMARK,HEST,1,5.5
2000,INMARK,HEST,2,5.5
2000,INMARK,HEST,3,5.5
2000,INMARK,HEST,4,5.5
2000,INMARK,HEST,5,6
2000,INMARK,HEST,6,7.5
2000,INMARK,HEST,7,7.5
2000,INMARK,VSAU,1,2.2
2000,INMARK,VSAU,2,2.2
2000,INMARK,VSAU,3,2.2
2000,INMARK,VSAU,4,2.2
2000,INMARK,VSAU,5,2.8
2000,INMARK,VSAU,6,3.3
2000,INMARK,VSAU,7,3.3
2001,GROVFO,120,1,14
2001,GROVFO,120,2,14
2001,GROVFO,120,3,14
2001,GROVFO,120,4,14
2001,GROVFO,120,5,15
2001,GROVFO,120,6,18
2001,GROVFO,120,7,18
2001,GROVFO,121,1,14
2001,GROVFO,121,2,14
2001,GROVFO,121,3,14
2001,GROVFO,121,4,14
2001,GROVFO,121,5,15
2001,GROVFO,121,6,18
2001,GROVFO,121,7,18
2001,GROVFO,140,1,1.75
2001,GROVFO,140,2,1.75
2001,GROVFO,140,3,1.75
2001,GROVFO,140,4,1.75
2001,GROVFO,140,5,2
2001,GROVFO,140,6,2.25
2001,GROVFO,140,7,2.25
2001,GROVFO,142,1,1.75
2001,GROVFO,142,2,1.75
2001,GROVFO,142,3,1.75
2001,GROVFO,142,4,1.75
2001,GROVFO,142,5,2
2001,GROVFO,142,6,2.25
2001,GROVFO,142,7,2.25
2001,GROVFO,155,1,0.75
2001,GROVFO,155,2,0.75
2001,GROVFO,155,3,0.75
2001,GROVFO,155,4,0.75
2001,GROVFO,155,5,1
2001,GROVFO,155,6,1.25
2001,GROVFO,155,7,1.25
2001,GROVFO,180,1,0.75
2001,GROVFO,180,2,0.75
2001,GROVFO,180,3,0.75
2001,GROVFO,180,4,0.75
2001,GROVFO,180,5,1
2001,GROVFO,180,6,1.25
2001,GROVFO,180,7,1.25
2001,GROVFO,181,1,5
2001,GROVFO,181,2,5
2001,GROVFO,181,3,5
2001,GROVFO,181,4,5
2001,GROVFO,181,5,5.5
2001,GROVFO,181,6,6.5
2001,GROVFO,181,7,6.5
2001,GROVFO,183,1,0.75
2001,GROVFO,183,2,0.75
2001,GROVFO,183,3,0.75
2001,GROVFO,183,4,0.75
2001,GROVFO,183,5,1
2001,GROVFO,183,6,1.25
2001,GROVFO,183,7,1.25
2001,GROVFO,192,1,5
2001,GROVFO,192,2,5
2001,GROVFO,192,3,5
2001,GROVFO,192,4,5
2001,GROVFO,192,5,5.5
2001,GROVFO,192,6,6.5
2001,GROVFO,192,7,6.5
2001,GROVFO,193,1,5
2001,GROVFO,193,2,5
2001,GROVFO,193,3,5
2001,GROVFO,193,4,5
2001,GROVFO,193,5,5.5
2001,GROVFO,193,6,6.5
2001,GROVFO,193,7,6.5
2001,GROVFO,196,1,5
2001,GROVFO,196,2,5
2001,GROVFO,196,3,5
2001,GROVFO,196,4,5
2001,GROVFO,196,5,5.5
2001,GROVFO,196,6,6.5
2001,GROVFO,196,7,6.5
2001,GROVFO,197,1,5
2001,GROVFO,197,2,5
2001,GROVFO,197,3,5
2001,GROVFO,197,4,5
2001,GROVFO,197,5,5.5
2001,GROVFO,197,6,6.5
2001,GROVFO,197,7,6.5
2001,GROVFO,521,1,0.0025
2001,GROVFO,521,2,0.0025
2001,GROVFO,521,3,0.0025
2001,GROVFO,521,4,0.0025
2001,GROVFO,521,5,0.00308
2001,GROVFO,521,6,0.00364
2001,GROVFO,521,7,0.00364
2001,GROVFO,522,1,0.001
2001,GROVFO,522,2,0.001
2001,GROVFO,522,3,0.001
2001,GROVFO,522,4,0.001
2001,GROVFO,522,5,0.00105
2001,GROVFO,522,6,0.00125
2001,GROVFO,522,7,0.00125
2001,GROVFO,523,1,0.002
2001,GROVFO,523,2,0.002
2001,GROVFO,523,3,0.002
2001,GROVFO,523,4,0.002
2001,GROVFO,523,5,0.0025
2001,GROVFO,523,6,0.00308
2001,GROVFO,523,7,0.00308
2001,GROVFO,832,1,0.2
2001,GROVFO,832,2,0.2
2001,GROVFO,832,3,0.2
2001,GROVFO,832,4,0.2
2001,GROVFO,832,5,0.25
2001,GROVFO,832,6,0.3
2001,GROVFO,832,7,0.3
2001,GROVFO,841,1,0.02
2001,GROVFO,841,2,0.02
2001,GROVFO,841,3,0.02
2001,GROVFO,841,4,0.02
2001,GROVFO,841,5,0.02
2001,GROVFO,841,6,0.02
2001,GROVFO,841,7,0.02
2001,GROVFO,STOR,1,5
2001,GROVFO,STOR,2,5
2001,GROVFO,STOR,3,5
2001,GROVFO,STOR,4,5
2001,GROVFO,STOR,5,5.5
2001,GROVFO,STOR,6,6.5
2001,GROVFO,STOR,7,6.5
2001,GROVFO,HEST,1,12
2001,GROVFO,HEST,2,12
2001,GROVFO,HEST,3,12
2001,GROVFO,HEST,4,12
2001,GROVFO,HEST,5,13
2001,GROVFO,HEST,6,15
2001,GROVFO,HEST,7,15
2001,GROVFO,VSAU,1,1.9
2001,GROVFO,VSAU,2,1.9
2001,GROVFO,VSAU,3,1.9
2001,GROVFO,VSAU,4,1.9
2001,GROVFO,VSAU,5,2.2
2001,GROVFO,VSAU,6,2.5
2001,GROVFO,VSAU,7,2.5
2001,INMARK,120,1,7
2001,INMARK,120,2,7
2001,INMARK,120,3,7
2001,INMARK,120,4,7
2001,INMARK,120,5,7.5
2001,INMARK,120,6,9
2001,INMARK,120,7,9
2001,INMARK,121,1,7
2001,INMARK,121,2,7
2001,INMARK,121,3,7
2001,INMARK,121,4,7
2001,INMARK,121,5,7.5
2001,INMARK,121,6,9
2001,INMARK,121,7,9
2001,INMARK,140,1,2
2001,INMARK,140,2,2
2001,INMARK,140,3,2
2001,INMARK,140,4,2
2001,INMARK,140,5,2.5
2001,INMARK,140,6,3
2001,INMARK,140,7,3
2001,INMARK,142,1,2
2001,INMARK,142,2,2
2001,INMARK,142,3,2
2001,INMARK,142,4,2
2001,INMARK,142,5,2.5
2001,INMARK,142,6,3
2001,INMARK,142,7,3
2001,INMARK,181,1,2
2001,INMARK,181,2,2
2001,INMARK,181,3,2
2001,INMARK,181,4,2
2001,INMARK,181,5,2.5
2001,INMARK,181,6,3
2001,INMARK,181,7,3
2001,INMARK,192,1,3
2001,INMARK,192,2,3
2001,INMARK,192,3,3
2001,INMARK,192,4,3
2001,INMARK,192,5,4
2001,INMARK,192,6,5
2001,INMARK,192,7,5
2001,INMARK,193,1,5.5
2001,INMARK,193,2,5.5
2001,INMARK,193,3,5.5
2001,INMARK,193,4,5.5
2001,INMARK,193,5,6
2001,INMARK,193,6,7.5
2001,INMARK,193,7,7.5
2001,INMARK,196,1,3
2001,INMARK,196,2,3
2001,INMARK,196,3,3
2001,INMARK,196,4,3
2001,INMARK,196,5,4
2001,INMARK,196,6,5
2001,INMARK,196,7,5
2001,INMARK,197,1,3
2001,INMARK,197,2,3
2001,INMARK,197,3,3
2001,INMARK,197,4,3
2001,INMARK,197,5,4
2001,INMARK,197,6,5
2001,INMARK,197,7,5
2001,INMARK,STOR,1,3
2001,INMARK,STOR,2,3
2001,INMARK,STOR,3,3
2001,INMARK,STOR,4,3
2001,INMARK,STOR,5,4
2001,INMARK,STOR,6,5
2001,INMARK,STOR,7,5
2001,INMARK,HEST,1,5.5
2001,INMARK,HEST,2,5.5
2001,INMARK,HEST,3,5.5
2001,INMARK,HEST,4,5.5
2001,INMARK,HEST,5,6
2001,INMARK,HEST,6,7.5
2001,INMARK,HEST,7,7.5
2001,INMARK,VSAU,1,2.2
2001,INMARK,VSAU,2,2.2
2001,INMARK,VSAU,3,2.2
2001,INMARK,VSAU,4,2.2
2001,INMARK,VSAU,5,2.8
2001,INMARK,VSAU,6,3.3
2001,INMARK,VSAU,7,3.3
2002,GROVFO,120,1,14
2002,GROVFO,120,2,14
2002,GROVFO,120,3,14
2002,GROVFO,120,4,14
2002,GROVFO,120,5,15
2002,GROVFO,120,6,18
2002,GROVFO,120,7,18
2002,GROVFO,121,1,14
2002,GROVFO,121,2,14
2002,GROVFO,121,3,14
2002,GROVFO,121,4,14
2002,GROVFO,121,5,15
2002,GROVFO,121,6,18
2002,GROVFO,121,7,18
2002,GROVFO,140,1,1.75
2002,GROVFO,140,2,1.75
2002,GROVFO,140,3,1.75
2002,GROVFO,140,4,1.75
2002,GROVFO,140,5,2
2002,GROVFO,140,6,2.25
2002,GROVFO,140,7,2.25
2002,GROVFO,142,1,1.75
2002,GROVFO,142,2,1.75
2002,GROVFO,142,3,1.75
2002,GROVFO,142,4,1.75
2002,GROVFO,142,5,2
2002,GROVFO,142,6,2.25
2002,GROVFO,142,7,2.25
2002,GROVFO,155,1,0.75
2002,GROVFO,155,2,0.75
2002,GROVFO,155,3,0.75
2002,GROVFO,155,4,0.75
2002,GROVFO,155,5,1
2002,GROVFO,155,6,1.25
2002,GROVFO,155,7,1.25
2002,GROVFO,180,1,0.75
2002,GROVFO,180,2,0.75
2002,GROVFO,180,3,0.75
2002,GROVFO,180,4,0.75
2002,GROVFO,180,5,1
2002,GROVFO,180,6,1.25
2002,GROVFO,180,7,1.25
2002,GROVFO,181,1,5
2002,GROVFO,181,2,5
2002,GROVFO,181,3,5
2002,GROVFO,181,4,5
2002,GROVFO,181,5,5.5
2002,GROVFO,181,6,6.5
2002,GROVFO,181,7,6.5
2002,GROVFO,183,1,0.75
2002,GROVFO,183,2,0.75
2002,GROVFO,183,3,0.75
2002,GROVFO,183,4,0.75
2002,GROVFO,183,5,1
2002,GROVFO,183,6,1.25
2002,GROVFO,183,7,1.25
2002,GROVFO,192,1,5
2002,GROVFO,192,2,5
2002,GROVFO,192,3,5
2002,GROVFO,192,4,5
2002,GROVFO,192,5,5.5
2002,GROVFO,192,6,6.5
2002,GROVFO,192,7,6.5
2002,GROVFO,193,1,5
2002,GROVFO,193,2,5
2002,GROVFO,193,3,5
2002,GROVFO,193,4,5
2002,GROVFO,193,5,5.5
2002,GROVFO,193,6,6.5
2002,GROVFO,193,7,6.5
2002,GROVFO,196,1,5
2002,GROVFO,196,2,5
2002,GROVFO,196,3,5
2002,GROVFO,196,4,5
2002,GROVFO,196,5,5.5
2002,GROVFO,196,6,6.5
2002,GROVFO,196,7,6.5
2002,GROVFO,197,1,5
2002,GROVFO,197,2,5
2002,GROVFO,197,3,5
2002,GROVFO,197,4,5
2002,GROVFO,197,5,5.5
2002,GROVFO,197,6,6.5
2002,GROVFO,197,7,6.5
2002,GROVFO,521,1,0.0025
2002,GROVFO,521,2,0.0025
2002,GROVFO,521,3,0.0025
2002,GROVFO,521,4,0.0025
2002,GROVFO,521,5,0.00308
2002,GROVFO,521,6,0.00364
2002,GROVFO,521,7,0.00364
2002,GROVFO,522,1,0.001
2002,GROVFO,522,2,0.001
2002,GROVFO,522,3,0.001
2002,GROVFO,522,4,0.001
2002,GROVFO,522,5,0.00105
2002,GROVFO,522,6,0.00125
2002,GROVFO,522,7,0.00125
2002,GROVFO,523,1,0.002
2002,GROVFO,523,2,0.002
2002,GROVFO,523,3,0.002
2002,GROVFO,523,4,0.002
2002,GROVFO,523,5,0.0025
2002,GROVFO,523,6,0.00308
2002,GROVFO,523,7,0.00308
2002,GROVFO,832,1,0.2
2002,GROVFO,832,2,0.2
2002,GROVFO,832,3,0.2
2002,GROVFO,832,4,0.2
2002,GROVFO,832,5,0.25
2002,GROVFO,832,6,0.3
2002,GROVFO,832,7,0.3
2002,GROVFO,841,1,0.02
2002,GROVFO,841,2,0.02
2002,GROVFO,841,3,0.02
2002,GROVFO,841,4,0.02
2002,GROVFO,841,5,0.02
2002,GROVFO,841,6,0.02
2002,GROVFO,841,7,0.02
2002,GROVFO,STOR,1,5
2002,GROVFO,STOR,2,5
2002,GROVFO,STOR,3,5
2002,GROVFO,STOR,4,5
2002,GROVFO,STOR,5,5.5
2002,GROVFO,STOR,6,6.5
2002,GROVFO,STOR,7,6.5
2002,GROVFO,HEST,1,12
2002,GROVFO,HEST,2,12
2002,GROVFO,HEST,3,12
2002,GROVFO,HEST,4,12
2002,GROVFO,HEST,5,13
2002,GROVFO,HEST,6,15
2002,GROVFO,HEST,7,15
2002,GROVFO,VSAU,1,1.9
2002,GROVFO,VSAU,2,1.9
2002,GROVFO,VSAU,3,1.9
2002,GROVFO,VSAU,4,1.9
2002,GROVFO,VSAU,5,2.2
2002,GROVFO,VSAU,6,2.5
2002,GROVFO,VSAU,7,2.5
2002,INMARK,120,1,7
2002,INMARK,120,2,7
2002,INMARK,120,3,7
2002,INMARK,120,4,7
2002,INMARK,120,5,7.5
2002,INMARK,120,6,9
2002,INMARK,120,7,9
2002,INMARK,121,1,7
2002,INMARK,121,2,7
2002,INMARK,121,3,7
2002,INMARK,121,4,7
2002,INMARK,121,5,7.5
2002,INMARK,121,6,9
2002,INMARK,121,7,9
2002,INMARK,140,1,2
2002,INMARK,140,2,2
2002,INMARK,140,3,2
2002,INMARK,140,4,2
2002,INMARK,140,5,2.5
2002,INMARK,140,6,3
2002,INMARK,140,7,3
2002,INMARK,142,1,2
2002,INMARK,142,2,2
2002,INMARK,142,3,2
2002,INMARK,142,4,2
2002,INMARK,142,5,2.5
2002,INMARK,142,6,3
2002,INMARK,142,7,3
2002,INMARK,181,1,2
2002,INMARK,181,2,2
2002,INMARK,181,3,2
2002,INMARK,181,4,2
2002,INMARK,181,5,2.5
2002,INMARK,181,6,3
2002,INMARK,181,7,3
2002,INMARK,192,1,3
2002,INMARK,192,2,3
2002,INMARK,192,3,3
2002,INMARK,192,4,3
2002,INMARK,192,5,4
2002,INMARK,192,6,5
2002,INMARK,192,7,5
2002,INMARK,193,1,5.5
2002,INMARK,193,2,5.5
2002,INMARK,193,3,5.5
2002,INMARK,193,4,5.5
2002,INMARK,193,5,6
2002,INMARK,193,6,7.5
2002,INMARK,193,7,7.5
2002,INMARK,196,1,3
2002,INMARK,196,2,3
2002,INMARK,196,3,3
2002,INMARK,196,4,3
2002,INMARK,196,5,4
2002,INMARK,196,6,5
2002,INMARK,196,7,5
2002,INMARK,197,1,3
2002,INMARK,197,2,3
2002,INMARK,197,3,3
2002,INMARK,197,4,3
2002,INMARK,197,5,4
2002,INMARK,197,6,5
2002,INMARK,197,7,5
2002,INMARK,STOR,1,3
2002,INMARK,STOR,2,3
2002,INMARK,STOR,3,3
2002,INMARK,STOR,4,3
2002,INMARK,STOR,5,4
2002,INMARK,STOR,6,5
2002,INMARK,STOR,7,5
2002,INMARK,HEST,1,5.5
2002,INMARK,HEST,2,5.5
2002,INMARK,HEST,3,5.5
2002,INMARK,HEST,4,5.5
2002,INMARK,HEST,5,6
2002,INMARK,HEST,6,7.5
2002,INMARK,HEST,7,7.5
2002,INMARK,VSAU,1,2.2
2002,INMARK,VSAU,2,2.2
2002,INMARK,VSAU,3,2.2
2002,INMARK,VSAU,4,2.2
2002,INMARK,VSAU,5,2.8
2002,INMARK,VSAU,6,3.3
2002,INMARK,VSAU,7,3.3
2003,GROVFO,120,1,14
2003,GROVFO,120,2,14
2003,GROVFO,120,3,14
2003,GROVFO,120,4,14
2003,GROVFO,120,5,15
2003,GROVFO,120,6,18
2003,GROVFO,120,7,18
2003,GROVFO,121,1,14
2003,GROVFO,121,2,14
2003,GROVFO,121,3,14
2003,GROVFO,121,4,14
2003,GROVFO,121,5,15
2003,GROVFO,121,6,18
2003,GROVFO,121,7,18
2003,GROVFO,140,1,1.75
2003,GROVFO,140,2,1.75
2003,GROVFO,140,3,1.75
2003,GROVFO,140,4,1.75
2003,GROVFO,140,5,2
2003,GROVFO,140,6,2.25
2003,GROVFO,140,7,2.25
2003,GROVFO,142,1,1.75
2003,GROVFO,142,2,1.75
2003,GROVFO,142,3,1.75
2003,GROVFO,142,4,1.75
2003,GROVFO,142,5,2
2003,GROVFO,142,6,2.25
2003,GROVFO,142,7,2.25
2003,GROVFO,155,1,0.75
2003,GROVFO,155,2,0.75
2003,GROVFO,155,3,0.75
2003,GROVFO,155,4,0.75
2003,GROVFO,155,5,1
2003,GROVFO,155,6,1.25
2003,GROVFO,155,7,1.25
2003,GROVFO,180,1,0.75
2003,GROVFO,180,2,0.75
2003,GROVFO,180,3,0.75
2003,GROVFO,180,4,0.75
2003,GROVFO,180,5,1
2003,GROVFO,180,6,1.25
2003,GROVFO,180,7,1.25
2003,GROVFO,181,1,5
2003,GROVFO,181,2,5
2003,GROVFO,181,3,5
2003,GROVFO,181,4,5
2003,GROVFO,181,5,5.5
2003,GROVFO,181,6,6.5
2003,GROVFO,181,7,6.5
2003,GROVFO,183,1,0.75
2003,GROVFO,183,2,0.75
2003,GROVFO,183,3,0.75
2003,GROVFO,183,4,0.75
2003,GROVFO,183,5,1
2003,GROVFO,183,6,1.25
2003,GROVFO,183,7,1.25
2003,GROVFO,192,1,5
2003,GROVFO,192,2,5
2003,GROVFO,192,3,5
2003,GROVFO,192,4,5
2003,GROVFO,192,5,5.5
2003,GROVFO,192,6,6.5
2003,GROVFO,192,7,6.5
2003,GROVFO,193,1,5
2003,GROVFO,193,2,5
2003,GROVFO,193,3,5
2003,GROVFO,193,4,5
2003,GROVFO,193,5,5.5
2003,GROVFO,193,6,6.5
2003,GROVFO,193,7,6.5
2003,GROVFO,196,1,5
2003,GROVFO,196,2,5
2003,GROVFO,196,3,5
2003,GROVFO,196,4,5
2003,GROVFO,196,5,5.5
2003,GROVFO,196,6,6.5
2003,GROVFO,196,7,6.5
2003,GROVFO,197,1,5
2003,GROVFO,197,2,5
2003,GROVFO,197,3,5
2003,GROVFO,197,4,5
2003,GROVFO,197,5,5.5
2003,GROVFO,197,6,6.5
2003,GROVFO,197,7,6.5
2003,GROVFO,521,1,0.0025
2003,GROVFO,521,2,0.0025
2003,GROVFO,521,3,0.0025
2003,GROVFO,521,4,0.0025
2003,GROVFO,521,5,0.00308
2003,GROVFO,521,6,0.00364
2003,GROVFO,521,7,0.00364
2003,GROVFO,522,1,0.001
2003,GROVFO,522,2,0.001
2003,GROVFO,522,3,0.001
2003,GROVFO,522,4,0.001
2003,GROVFO,522,5,0.00105
2003,GROVFO,522,6,0.00125
2003,GROVFO,522,7,0.00125
2003,GROVFO,523,1,0.002
2003,GROVFO,523,2,0.002
2003,GROVFO,523,3,0.002
2003,GROVFO,523,4,0.002
2003,GROVFO,523,5,0.0025
2003,GROVFO,523,6,0.00308
2003,GROVFO,523,7,0.00308
2003,GROVFO,832,1,0.2
2003,GROVFO,832,2,0.2
2003,GROVFO,832,3,0.2
2003,GROVFO,832,4,0.2
2003,GROVFO,832,5,0.25
2003,GROVFO,832,6,0.3
2003,GROVFO,832,7,0.3
2003,GROVFO,841,1,0.02
2003,GROVFO,841,2,0.02
2003,GROVFO,841,3,0.02
2003,GROVFO,841,4,0.02
2003,GROVFO,841,5,0.02
2003,GROVFO,841,6,0.02
2003,GROVFO,841,7,0.02
2003,GROVFO,STOR,1,5
2003,GROVFO,STOR,2,5
2003,GROVFO,STOR,3,5
2003,GROVFO,STOR,4,5
2003,GROVFO,STOR,5,5.5
2003,GROVFO,STOR,6,6.5
2003,GROVFO,STOR,7,6.5
2003,GROVFO,HEST,1,12
2003,GROVFO,HEST,2,12
2003,GROVFO,HEST,3,12
2003,GROVFO,HEST,4,12
2003,GROVFO,HEST,5,13
2003,GROVFO,HEST,6,15
2003,GROVFO,HEST,7,15
2003,GROVFO,VSAU,1,1.9
2003,GROVFO,VSAU,2,1.9
2003,GROVFO,VSAU,3,1.9
2003,GROVFO,VSAU,4,1.9
2003,GROVFO,VSAU,5,2.2
2003,GROVFO,VSAU,6,2.5
2003,GROVFO,VSAU,7,2.5
2003,INMARK,120,1,7
2003,INMARK,120,2,7
2003,INMARK,120,3,7
2003,INMARK,120,4,7
2003,INMARK,120,5,7.5
2003,INMARK,120,6,9
2003,INMARK,120,7,9
2003,INMARK,121,1,7
2003,INMARK,121,2,7
2003,INMARK,121,3,7
2003,INMARK,121,4,7
2003,INMARK,121,5,7.5
2003,INMARK,121,6,9
2003,INMARK,121,7,9
2003,INMARK,140,1,2
2003,INMARK,140,2,2
2003,INMARK,140,3,2
2003,INMARK,140,4,2
2003,INMARK,140,5,2.5
2003,INMARK,140,6,3
2003,INMARK,140,7,3
2003,INMARK,142,1,2
2003,INMARK,142,2,2
2003,INMARK,142,3,2
2003,INMARK,142,4,2
2003,INMARK,142,5,2.5
2003,INMARK,142,6,3
2003,INMARK,142,7,3
2003,INMARK,181,1,2
2003,INMARK,181,2,2
2003,INMARK,181,3,2
2003,INMARK,181,4,2
2003,INMARK,181,5,2.5
2003,INMARK,181,6,3
2003,INMARK,181,7,3
2003,INMARK,192,1,3
2003,INMARK,192,2,3
2003,INMARK,192,3,3
2003,INMARK,192,4,3
2003,INMARK,192,5,4
2003,INMARK,192,6,5
2003,INMARK,192,7,5
2003,INMARK,193,1,5.5
2003,INMARK,193,2,5.5
2003,INMARK,193,3,5.5
2003,INMARK,193,4,5.5
2003,INMARK,193,5,6
2003,INMARK,193,6,7.5
2003,INMARK,193,7,7.5
2003,INMARK,196,1,3
2003,INMARK,196,2,3
2003,INMARK,196,3,3
2003,INMARK,196,4,3
2003,INMARK,196,5,4
2003,INMARK,196,6,5
2003,INMARK,196,7,5
2003,INMARK,197,1,3
2003,INMARK,197,2,3
2003,INMARK,197,3,3
2003,INMARK,197,4,3
2003,INMARK,197,5,4
2003,INMARK,197,6,5
2003,INMARK,197,7,5
2003,INMARK,STOR,1,3
2003,INMARK,STOR,2,3
2003,INMARK,STOR,3,3
2003,INMARK,STOR,4,3
2003,INMARK,STOR,5,4
2003,INMARK,STOR,6,5
2003,INMARK,STOR,7,5
2003,INMARK,HEST,1,5.5
2003,INMARK,HEST,2,5.5
2003,INMARK,HEST,3,5.5
2003,INMARK,HEST,4,5.5
2003,INMARK,HEST,5,6
2003,INMARK,HEST,6,7.5
2003,INMARK,HEST,7,7.5
2003,INMARK,VSAU,1,2.2
2003,INMARK,VSAU,2,2.2
2003,INMARK,VSAU,3,2.2
2003,INMARK,VSAU,4,2.2
2003,INMARK,VSAU,5,2.8
2003,INMARK,VSAU,6,3.3
2003,INMARK,VSAU,7,3.3
2004,GROVFO,120,1,14
2004,GROVFO,120,2,14
2004,GROVFO,120,3,14
2004,GROVFO,120,4,14
2004,GROVFO,120,5,15
2004,GROVFO,120,6,18
2004,GROVFO,120,7,18
2004,GROVFO,121,1,14
2004,GROVFO,121,2,14
2004,GROVFO,121,3,14
2004,GROVFO,121,4,14
2004,GROVFO,121,5,15
2004,GROVFO,121,6,18
2004,GROVFO,121,7,18
2004,GROVFO,140,1,1.75
2004,GROVFO,140,2,1.75
2004,GROVFO,140,3,1.75
2004,GROVFO,140,4,1.75
2004,GROVFO,140,5,2
2004,GROVFO,140,6,2.25
2004,GROVFO,140,7,2.25
2004,GROVFO,142,1,1.75
2004,GROVFO,142,2,1.75
2004,GROVFO,142,3,1.75
2004,GROVFO,142,4,1.75
2004,GROVFO,142,5,2
2004,GROVFO,142,6,2.25
2004,GROVFO,142,7,2.25
2004,GROVFO,155,1,0.75
2004,GROVFO,155,2,0.75
2004,GROVFO,155,3,0.75
2004,GROVFO,155,4,0.75
2004,GROVFO,155,5,1
2004,GROVFO,155,6,1.25
2004,GROVFO,155,7,1.25
2004,GROVFO,180,1,0.75
2004,GROVFO,180,2,0.75
2004,GROVFO,180,3,0.75
2004,GROVFO,180,4,0.75
2004,GROVFO,180,5,1
2004,GROVFO,180,6,1.25
2004,GROVFO,180,7,1.25
2004,GROVFO,181,1,5
2004,GROVFO,181,2,5
2004,GROVFO,181,3,5
2004,GROVFO,181,4,5
2004,GROVFO,181,5,5.5
2004,GROVFO,181,6,6.5
2004,GROVFO,181,7,6.5
2004,GROVFO,183,1,0.75
2004,GROVFO,183,2,0.75
2004,GROVFO,183,3,0.75
2004,GROVFO,183,4,0.75
2004,GROVFO,183,5,1
2004,GROVFO,183,6,1.25
2004,GROVFO,183,7,1.25
2004,GROVFO,192,1,5
2004,GROVFO,192,2,5
2004,GROVFO,192,3,5
2004,GROVFO,192,4,5
2004,GROVFO,192,5,5.5
2004,GROVFO,192,6,6.5
2004,GROVFO,192,7,6.5
2004,GROVFO,193,1,5
2004,GROVFO,193,2,5
2004,GROVFO,193,3,5
2004,GROVFO,193,4,5
2004,GROVFO,193,5,5.5
2004,GROVFO,193,6,6.5
2004,GROVFO,193,7,6.5
2004,GROVFO,196,1,5
2004,GROVFO,196,2,5
2004,GROVFO,196,3,5
2004,GROVFO,196,4,5
2004,GROVFO,196,5,5.5
2004,GROVFO,196,6,6.5
2004,GROVFO,196,7,6.5
2004,GROVFO,197,1,5
2004,GROVFO,197,2,5
2004,GROVFO,197,3,5
2004,GROVFO,197,4,5
2004,GROVFO,197,5,5.5
2004,GROVFO,197,6,6.5
2004,GROVFO,197,7,6.5
2004,GROVFO,521,1,0.0025
2004,GROVFO,521,2,0.0025
2004,GROVFO,521,3,0.0025
2004,GROVFO,521,4,0.0025
2004,GROVFO,521,5,0.00308
2004,GROVFO,521,6,0.00364
2004,GROVFO,521,7,0.00364
2004,GROVFO,522,1,0.001
2004,GROVFO,522,2,0.001
2004,GROVFO,522,3,0.001
2004,GROVFO,522,4,0.001
2004,GROVFO,522,5,0.00105
2004,GROVFO,522,6,0.00125
2004,GROVFO,522,7,0.00125
2004,GROVFO,523,1,0.002
2004,GROVFO,523,2,0.002
2004,GROVFO,523,3,0.002
2004,GROVFO,523,4,0.002
2004,GROVFO,523,5,0.0025
2004,GROVFO,523,6,0.00308
2004,GROVFO,523,7,0.00308
2004,GROVFO,832,1,0.2
2004,GROVFO,832,2,0.2
2004,GROVFO,832,3,0.2
2004,GROVFO,832,4,0.2
2004,GROVFO,832,5,0.25
2004,GROVFO,832,6,0.3
2004,GROVFO,832,7,0.3
2004,GROVFO,841,1,0.02
2004,GROVFO,841,2,0.02
2004,GROVFO,841,3,0.02
2004,GROVFO,841,4,0.02
2004,GROVFO,841,5,0.02
2004,GROVFO,841,6,0.02
2004,GROVFO,841,7,0.02
2004,GROVFO,STOR,1,5
2004,GROVFO,STOR,2,5
2004,GROVFO,STOR,3,5
2004,GROVFO,STOR,4,5
2004,GROVFO,STOR,5,5.5
2004,GROVFO,STOR,6,6.5
2004,GROVFO,STOR,7,6.5
2004,GROVFO,HEST,1,12
2004,GROVFO,HEST,2,12
2004,GROVFO,HEST,3,12
2004,GROVFO,HEST,4,12
2004,GROVFO,HEST,5,13
2004,GROVFO,HEST,6,15
2004,GROVFO,HEST,7,15
2004,GROVFO,VSAU,1,1.9
2004,GROVFO,VSAU,2,1.9
2004,GROVFO,VSAU,3,1.9
2004,GROVFO,VSAU,4,1.9
2004,GROVFO,VSAU,5,2.2
2004,GROVFO,VSAU,6,2.5
2004,GROVFO,VSAU,7,2.5
2004,INMARK,120,1,7
2004,INMARK,120,2,7
2004,INMARK,120,3,7
2004,INMARK,120,4,7
2004,INMARK,120,5,7.5
2004,INMARK,120,6,9
2004,INMARK,120,7,9
2004,INMARK,121,1,7
2004,INMARK,121,2,7
2004,INMARK,121,3,7
2004,INMARK,121,4,7
2004,INMARK,121,5,7.5
2004,INMARK,121,6,9
2004,INMARK,121,7,9
2004,INMARK,140,1,2
2004,INMARK,140,2,2
2004,INMARK,140,3,2
2004,INMARK,140,4,2
2004,INMARK,140,5,2.5
2004,INMARK,140,6,3
2004,INMARK,140,7,3
2004,INMARK,142,1,2
2004,INMARK,142,2,2
2004,INMARK,142,3,2
2004,INMARK,142,4,2
2004,INMARK,142,5,2.5
2004,INMARK,142,6,3
2004,INMARK,142,7,3
2004,INMARK,181,1,2
2004,INMARK,181,2,2
2004,INMARK,181,3,2
2004,INMARK,181,4,2
2004,INMARK,181,5,2.5
2004,INMARK,181,6,3
2004,INMARK,181,7,3
2004,INMARK,192,1,3
2004,INMARK,192,2,3
2004,INMARK,192,3,3
2004,INMARK,192,4,3
2004,INMARK,192,5,4
2004,INMARK,192,6,5
2004,INMARK,192,7,5
2004,INMARK,193,1,5.5
2004,INMARK,193,2,5.5
2004,INMARK,193,3,5.5
2004,INMARK,193,4,5.5
2004,INMARK,193,5,6
2004,INMARK,193,6,7.5
2004,INMARK,193,7,7.5
2004,INMARK,196,1,3
2004,INMARK,196,2,3
2004,INMARK,196,3,3
2004,INMARK,196,4,3
2004,INMARK,196,5,4
2004,INMARK,196,6,5
2004,INMARK,196,7,5
2004,INMARK,197,1,3
2004,INMARK,197,2,3
2004,INMARK,197,3,3
2004,INMARK,197,4,3
2004,INMARK,197,5,4
2004,INMARK,197,6,5
2004,INMARK,197,7,5
2004,INMARK,STOR,1,3
2004,INMARK,STOR,2,3
2004,INMARK,STOR,3,3
2004,INMARK,STOR,4,3
2004,INMARK,STOR,5,4
2004,INMARK,STOR,6,5
2004,INMARK,STOR,7,5
2004,INMARK,HEST,1,5.5
2004,INMARK,HEST,2,5.5
2004,INMARK,HEST,3,5.5
2004,INMARK,HEST,4,5.5
2004,INMARK,HEST,5,6
2004,INMARK,HEST,6,7.5
2004,INMARK,HEST,7,7.5
2004,INMARK,VSAU,1,2.2
2004,INMARK,VSAU,2,2.2
2004,INMARK,VSAU,3,2.2
2004,INMARK,VSAU,4,2.2
2004,INMARK,VSAU,5,2.8
2004,INMARK,VSAU,6,3.3
2004,INMARK,VSAU,7,3.3
2005,GROVFO,120,1,14
2005,GROVFO,120,2,14
2005,GROVFO,120,3,14
2005,GROVFO,120,4,14
2005,GROVFO,120,5,15
2005,GROVFO,120,6,18
2005,GROVFO,120,7,18
2005,GROVFO,121,1,14
2005,GROVFO,121,2,14
2005,GROVFO,121,3,14
2005,GROVFO,121,4,14
2005,GROVFO,121,5,15
2005,GROVFO,121,6,18
2005,GROVFO,121,7,18
2005,GROVFO,140,1,1.75
2005,GROVFO,140,2,1.75
2005,GROVFO,140,3,1.75
2005,GROVFO,140,4,1.75
2005,GROVFO,140,5,2
2005,GROVFO,140,6,2.25
2005,GROVFO,140,7,2.25
2005,GROVFO,142,1,1.75
2005,GROVFO,142,2,1.75
2005,GROVFO,142,3,1.75
2005,GROVFO,142,4,1.75
2005,GROVFO,142,5,2
2005,GROVFO,142,6,2.25
2005,GROVFO,142,7,2.25
2005,GROVFO,155,1,0.75
2005,GROVFO,155,2,0.75
2005,GROVFO,155,3,0.75
2005,GROVFO,155,4,0.75
2005,GROVFO,155,5,1
2005,GROVFO,155,6,1.25
2005,GROVFO,155,7,1.25
2005,GROVFO,180,1,0.75
2005,GROVFO,180,2,0.75
2005,GROVFO,180,3,0.75
2005,GROVFO,180,4,0.75
2005,GROVFO,180,5,1
2005,GROVFO,180,6,1.25
2005,GROVFO,180,7,1.25
2005,GROVFO,181,1,5
2005,GROVFO,181,2,5
2005,GROVFO,181,3,5
2005,GROVFO,181,4,5
2005,GROVFO,181,5,5.5
2005,GROVFO,181,6,6.5
2005,GROVFO,181,7,6.5
2005,GROVFO,183,1,0.75
2005,GROVFO,183,2,0.75
2005,GROVFO,183,3,0.75
2005,GROVFO,183,4,0.75
2005,GROVFO,183,5,1
2005,GROVFO,183,6,1.25
2005,GROVFO,183,7,1.25
2005,GROVFO,192,1,5
2005,GROVFO,192,2,5
2005,GROVFO,192,3,5
2005,GROVFO,192,4,5
2005,GROVFO,192,5,5.5
2005,GROVFO,192,6,6.5
2005,GROVFO,192,7,6.5
2005,GROVFO,193,1,5
2005,GROVFO,193,2,5
2005,GROVFO,193,3,5
2005,GROVFO,193,4,5
2005,GROVFO,193,5,5.5
2005,GROVFO,193,6,6.5
2005,GROVFO,193,7,6.5
2005,GROVFO,196,1,5
2005,GROVFO,196,2,5
2005,GROVFO,196,3,5
2005,GROVFO,196,4,5
2005,GROVFO,196,5,5.5
2005,GROVFO,196,6,6.5
2005,GROVFO,196,7,6.5
2005,GROVFO,197,1,5
2005,GROVFO,197,2,5
2005,GROVFO,197,3,5
2005,GROVFO,197,4,5
2005,GROVFO,197,5,5.5
2005,GROVFO,197,6,6.5
2005,GROVFO,197,7,6.5
2005,GROVFO,521,1,0.0025
2005,GROVFO,521,2,0.0025
2005,GROVFO,521,3,0.0025
2005,GROVFO,521,4,0.0025
2005,GROVFO,521,5,0.00308
2005,GROVFO,521,6,0.00364
2005,GROVFO,521,7,0.00364
2005,GROVFO,522,1,0.001
2005,GROVFO,522,2,0.001
2005,GROVFO,522,3,0.001
2005,GROVFO,522,4,0.001
2005,GROVFO,522,5,0.00105
2005,GROVFO,522,6,0.00125
2005,GROVFO,522,7,0.00125
2005,GROVFO,523,1,0.002
2005,GROVFO,523,2,0.002
2005,GROVFO,523,3,0.002
2005,GROVFO,523,4,0.002
2005,GROVFO,523,5,0.0025
2005,GROVFO,523,6,0.00308
2005,GROVFO,523,7,0.00308
2005,GROVFO,832,1,0.2
2005,GROVFO,832,2,0.2
2005,GROVFO,832,3,0.2
2005,GROVFO,832,4,0.2
2005,GROVFO,832,5,0.25
2005,GROVFO,832,6,0.3
2005,GROVFO,832,7,0.3
2005,GROVFO,841,1,0.02
2005,GROVFO,841,2,0.02
2005,GROVFO,841,3,0.02
2005,GROVFO,841,4,0.02
2005,GROVFO,841,5,0.02
2005,GROVFO,841,6,0.02
2005,GROVFO,841,7,0.02
2005,GROVFO,STOR,1,5
2005,GROVFO,STOR,2,5
2005,GROVFO,STOR,3,5
2005,GROVFO,STOR,4,5
2005,GROVFO,STOR,5,5.5
2005,GROVFO,STOR,6,6.5
2005,GROVFO,STOR,7,6.5
2005,GROVFO,HEST,1,12
2005,GROVFO,HEST,2,12
2005,GROVFO,HEST,3,12
2005,GROVFO,HEST,4,12
2005,GROVFO,HEST,5,13
2005,GROVFO,HEST,6,15
2005,GROVFO,HEST,7,15
2005,GROVFO,VSAU,1,1.9
2005,GROVFO,VSAU,2,1.9
2005,GROVFO,VSAU,3,1.9
2005,GROVFO,VSAU,4,1.9
2005,GROVFO,VSAU,5,2.2
2005,GROVFO,VSAU,6,2.5
2005,GROVFO,VSAU,7,2.5
2005,INMARK,120,1,7
2005,INMARK,120,2,7
2005,INMARK,120,3,7
2005,INMARK,120,4,7
2005,INMARK,120,5,7.5
2005,INMARK,120,6,9
2005,INMARK,120,7,9
2005,INMARK,121,1,7
2005,INMARK,121,2,7
2005,INMARK,121,3,7
2005,INMARK,121,4,7
2005,INMARK,121,5,7.5
2005,INMARK,121,6,9
2005,INMARK,121,7,9
2005,INMARK,140,1,2
2005,INMARK,140,2,2
2005,INMARK,140,3,2
2005,INMARK,140,4,2
2005,INMARK,140,5,2.5
2005,INMARK,140,6,3
2005,INMARK,140,7,3
2005,INMARK,142,1,2
2005,INMARK,142,2,2
2005,INMARK,142,3,2
2005,INMARK,142,4,2
2005,INMARK,142,5,2.5
2005,INMARK,142,6,3
2005,INMARK,142,7,3
2005,INMARK,181,1,2
2005,INMARK,181,2,2
2005,INMARK,181,3,2
2005,INMARK,181,4,2
2005,INMARK,181,5,2.5
2005,INMARK,181,6,3
2005,INMARK,181,7,3
2005,INMARK,192,1,3
2005,INMARK,192,2,3
2005,INMARK,192,3,3
2005,INMARK,192,4,3
2005,INMARK,192,5,4
2005,INMARK,192,6,5
2005,INMARK,192,7,5
2005,INMARK,193,1,5.5
2005,INMARK,193,2,5.5
2005,INMARK,193,3,5.5
2005,INMARK,193,4,5.5
2005,INMARK,193,5,6
2005,INMARK,193,6,7.5
2005,INMARK,193,7,7.5
2005,INMARK,196,1,3
2005,INMARK,196,2,3
2005,INMARK,196,3,3
2005,INMARK,196,4,3
2005,INMARK,196,5,4
2005,INMARK,196,6,5
2005,INMARK,196,7,5
2005,INMARK,197,1,3
2005,INMARK,197,2,3
2005,INMARK,197,3,3
2005,INMARK,197,4,3
2005,INMARK,197,5,4
2005,INMARK,197,6,5
2005,INMARK,197,7,5
2005,INMARK,STOR,1,3
2005,INMARK,STOR,2,3
2005,INMARK,STOR,3,3
2005,INMARK,STOR,4,3
2005,INMARK,STOR,5,4
2005,INMARK,STOR,6,5
2005,INMARK,STOR,7,5
2005,INMARK,HEST,1,5.5
2005,INMARK,HEST,2,5.5
2005,INMARK,HEST,3,5.5
2005,INMARK,HEST,4,5.5
2005,INMARK,HEST,5,6
2005,INMARK,HEST,6,7.5
2005,INMARK,HEST,7,7.5
2005,INMARK,VSAU,1,2.2
2005,INMARK,VSAU,2,2.2
2005,INMARK,VSAU,3,2.2
2005,INMARK,VSAU,4,2.2
2005,INMARK,VSAU,5,2.8
2005,INMARK,VSAU,6,3.3
2005,INMARK,VSAU,7,3.3
2006,GROVFO,120,1,14
2006,GROVFO,120,2,14
2006,GROVFO,120,3,14
2006,GROVFO,120,4,14
2006,GROVFO,120,5,15
2006,GROVFO,120,6,18
2006,GROVFO,120,7,18
2006,GROVFO,121,1,14
2006,GROVFO,121,2,14
2006,GROVFO,121,3,14
2006,GROVFO,121,4,14
2006,GROVFO,121,5,15
2006,GROVFO,121,6,18
2006,GROVFO,121,7,18
2006,GROVFO,140,1,1.75
2006,GROVFO,140,2,1.75
2006,GROVFO,140,3,1.75
2006,GROVFO,140,4,1.75
2006,GROVFO,140,5,2
2006,GROVFO,140,6,2.25
2006,GROVFO,140,7,2.25
2006,GROVFO,142,1,1.75
2006,GROVFO,142,2,1.75
2006,GROVFO,142,3,1.75
2006,GROVFO,142,4,1.75
2006,GROVFO,142,5,2
2006,GROVFO,142,6,2.25
2006,GROVFO,142,7,2.25
2006,GROVFO,155,1,0.75
2006,GROVFO,155,2,0.75
2006,GROVFO,155,3,0.75
2006,GROVFO,155,4,0.75
2006,GROVFO,155,5,1
2006,GROVFO,155,6,1.25
2006,GROVFO,155,7,1.25
2006,GROVFO,180,1,0.75
2006,GROVFO,180,2,0.75
2006,GROVFO,180,3,0.75
2006,GROVFO,180,4,0.75
2006,GROVFO,180,5,1
2006,GROVFO,180,6,1.25
2006,GROVFO,180,7,1.25
2006,GROVFO,181,1,5
2006,GROVFO,181,2,5
2006,GROVFO,181,3,5
2006,GROVFO,181,4,5
2006,GROVFO,181,5,5.5
2006,GROVFO,181,6,6.5
2006,GROVFO,181,7,6.5
2006,GROVFO,183,1,0.75
2006,GROVFO,183,2,0.75
2006,GROVFO,183,3,0.75
2006,GROVFO,183,4,0.75
2006,GROVFO,183,5,1
2006,GROVFO,183,6,1.25
2006,GROVFO,183,7,1.25
2006,GROVFO,192,1,5
2006,GROVFO,192,2,5
2006,GROVFO,192,3,5
2006,GROVFO,192,4,5
2006,GROVFO,192,5,5.5
2006,GROVFO,192,6,6.5
2006,GROVFO,192,7,6.5
2006,GROVFO,193,1,5
2006,GROVFO,193,2,5
2006,GROVFO,193,3,5
2006,GROVFO,193,4,5
2006,GROVFO,193,5,5.5
2006,GROVFO,193,6,6.5
2006,GROVFO,193,7,6.5
2006,GROVFO,196,1,5
2006,GROVFO,196,2,5
2006,GROVFO,196,3,5
2006,GROVFO,196,4,5
2006,GROVFO,196,5,5.5
2006,GROVFO,196,6,6.5
2006,GROVFO,196,7,6.5
2006,GROVFO,197,1,5
2006,GROVFO,197,2,5
2006,GROVFO,197,3,5
2006,GROVFO,197,4,5
2006,GROVFO,197,5,5.5
2006,GROVFO,197,6,6.5
2006,GROVFO,197,7,6.5
2006,GROVFO,521,1,0.0025
2006,GROVFO,521,2,0.0025
2006,GROVFO,521,3,0.0025
2006,GROVFO,521,4,0.0025
2006,GROVFO,521,5,0.00308
2006,GROVFO,521,6,0.00364
2006,GROVFO,521,7,0.00364
2006,GROVFO,522,1,0.001
2006,GROVFO,522,2,0.001
2006,GROVFO,522,3,0.001
2006,GROVFO,522,4,0.001
2006,GROVFO,522,5,0.00105
2006,GROVFO,522,6,0.00125
2006,GROVFO,522,7,0.00125
2006,GROVFO,523,1,0.002
2006,GROVFO,523,2,0.002
2006,GROVFO,523,3,0.002
2006,GROVFO,523,4,0.002
2006,GROVFO,523,5,0.0025
2006,GROVFO,523,6,0.00308
2006,GROVFO,523,7,0.00308
2006,GROVFO,832,1,0.2
2006,GROVFO,832,2,0.2
2006,GROVFO,832,3,0.2
2006,GROVFO,832,4,0.2
2006,GROVFO,832,5,0.25
2006,GROVFO,832,6,0.3
2006,GROVFO,832,7,0.3
2006,GROVFO,841,1,0.02
2006,GROVFO,841,2,0.02
2006,GROVFO,841,3,0.02
2006,GROVFO,841,4,0.02
2006,GROVFO,841,5,0.02
2006,GROVFO,841,6,0.02
2006,GROVFO,841,7,0.02
2006,GROVFO,STOR,1,5
2006,GROVFO,STOR,2,5
2006,GROVFO,STOR,3,5
2006,GROVFO,STOR,4,5
2006,GROVFO,STOR,5,5.5
2006,GROVFO,STOR,6,6.5
2006,GROVFO,STOR,7,6.5
2006,GROVFO,HEST,1,12
2006,GROVFO,HEST,2,12
2006,GROVFO,HEST,3,12
2006,GROVFO,HEST,4,12
2006,GROVFO,HEST,5,13
2006,GROVFO,HEST,6,15
2006,GROVFO,HEST,7,15
2006,GROVFO,VSAU,1,1.9
2006,GROVFO,VSAU,2,1.9
2006,GROVFO,VSAU,3,1.9
2006,GROVFO,VSAU,4,1.9
2006,GROVFO,VSAU,5,2.2
2006,GROVFO,VSAU,6,2.5
2006,GROVFO,VSAU,7,2.5
2006,INMARK,120,1,7
2006,INMARK,120,2,7
2006,INMARK,120,3,7
2006,INMARK,120,4,7
2006,INMARK,120,5,7.5
2006,INMARK,120,6,9
2006,INMARK,120,7,9
2006,INMARK,121,1,7
2006,INMARK,121,2,7
2006,INMARK,121,3,7
2006,INMARK,121,4,7
2006,INMARK,121,5,7.5
2006,INMARK,121,6,9
2006,INMARK,121,7,9
2006,INMARK,140,1,2
2006,INMARK,140,2,2
2006,INMARK,140,3,2
2006,INMARK,140,4,2
2006,INMARK,140,5,2.5
2006,INMARK,140,6,3
2006,INMARK,140,7,3
2006,INMARK,142,1,2
2006,INMARK,142,2,2
2006,INMARK,142,3,2
2006,INMARK,142,4,2
2006,INMARK,142,5,2.5
2006,INMARK,142,6,3
2006,INMARK,142,7,3
2006,INMARK,181,1,2
2006,INMARK,181,2,2
2006,INMARK,181,3,2
2006,INMARK,181,4,2
2006,INMARK,181,5,2.5
2006,INMARK,181,6,3
2006,INMARK,181,7,3
2006,INMARK,192,1,3
2006,INMARK,192,2,3
2006,INMARK,192,3,3
2006,INMARK,192,4,3
2006,INMARK,192,5,4
2006,INMARK,192,6,5
2006,INMARK,192,7,5
2006,INMARK,193,1,5.5
2006,INMARK,193,2,5.5
2006,INMARK,193,3,5.5
2006,INMARK,193,4,5.5
2006,INMARK,193,5,6
2006,INMARK,193,6,7.5
2006,INMARK,193,7,7.5
2006,INMARK,196,1,3
2006,INMARK,196,2,3
2006,INMARK,196,3,3
2006,INMARK,196,4,3
2006,INMARK,196,5,4
2006,INMARK,196,6,5
2006,INMARK,196,7,5
2006,INMARK,197,1,3
2006,INMARK,197,2,3
2006,INMARK,197,3,3
2006,INMARK,197,4,3
2006,INMARK,197,5,4
2006,INMARK,197,6,5
2006,INMARK,197,7,5
2006,INMARK,STOR,1,3
2006,INMARK,STOR,2,3
2006,INMARK,STOR,3,3
2006,INMARK,STOR,4,3
2006,INMARK,STOR,5,4
2006,INMARK,STOR,6,5
2006,INMARK,STOR,7,5
2006,INMARK,HEST,1,5.5
2006,INMARK,HEST,2,5.5
2006,INMARK,HEST,3,5.5
2006,INMARK,HEST,4,5.5
2006,INMARK,HEST,5,6
2006,INMARK,HEST,6,7.5
2006,INMARK,HEST,7,7.5
2006,INMARK,VSAU,1,2.2
2006,INMARK,VSAU,2,2.2
2006,INMARK,VSAU,3,2.2
2006,INMARK,VSAU,4,2.2
2006,INMARK,VSAU,5,2.8
2006,INMARK,VSAU,6,3.3
2006,INMARK,VSAU,7,3.3
2007,GROVFO,120,1,14
2007,GROVFO,120,2,14
2007,GROVFO,120,3,14
2007,GROVFO,120,4,14
2007,GROVFO,120,5,15
2007,GROVFO,120,6,18
2007,GROVFO,120,7,18
2007,GROVFO,121,1,14
2007,GROVFO,121,2,14
2007,GROVFO,121,3,14
2007,GROVFO,121,4,14
2007,GROVFO,121,5,15
2007,GROVFO,121,6,18
2007,GROVFO,121,7,18
2007,GROVFO,140,1,1.75
2007,GROVFO,140,2,1.75
2007,GROVFO,140,3,1.75
2007,GROVFO,140,4,1.75
2007,GROVFO,140,5,2
2007,GROVFO,140,6,2.25
2007,GROVFO,140,7,2.25
2007,GROVFO,142,1,1.75
2007,GROVFO,142,2,1.75
2007,GROVFO,142,3,1.75
2007,GROVFO,142,4,1.75
2007,GROVFO,142,5,2
2007,GROVFO,142,6,2.25
2007,GROVFO,142,7,2.25
2007,GROVFO,155,1,0.75
2007,GROVFO,155,2,0.75
2007,GROVFO,155,3,0.75
2007,GROVFO,155,4,0.75
2007,GROVFO,155,5,1
2007,GROVFO,155,6,1.25
2007,GROVFO,155,7,1.25
2007,GROVFO,180,1,0.75
2007,GROVFO,180,2,0.75
2007,GROVFO,180,3,0.75
2007,GROVFO,180,4,0.75
2007,GROVFO,180,5,1
2007,GROVFO,180,6,1.25
2007,GROVFO,180,7,1.25
2007,GROVFO,181,1,5
2007,GROVFO,181,2,5
2007,GROVFO,181,3,5
2007,GROVFO,181,4,5
2007,GROVFO,181,5,5.5
2007,GROVFO,181,6,6.5
2007,GROVFO,181,7,6.5
2007,GROVFO,183,1,0.75
2007,GROVFO,183,2,0.75
2007,GROVFO,183,3,0.75
2007,GROVFO,183,4,0.75
2007,GROVFO,183,5,1
2007,GROVFO,183,6,1.25
2007,GROVFO,183,7,1.25
2007,GROVFO,192,1,5
2007,GROVFO,192,2,5
2007,GROVFO,192,3,5
2007,GROVFO,192,4,5
2007,GROVFO,192,5,5.5
2007,GROVFO,192,6,6.5
2007,GROVFO,192,7,6.5
2007,GROVFO,193,1,5
2007,GROVFO,193,2,5
2007,GROVFO,193,3,5
2007,GROVFO,193,4,5
2007,GROVFO,193,5,5.5
2007,GROVFO,193,6,6.5
2007,GROVFO,193,7,6.5
2007,GROVFO,196,1,5
2007,GROVFO,196,2,5
2007,GROVFO,196,3,5
2007,GROVFO,196,4,5
2007,GROVFO,196,5,5.5
2007,GROVFO,196,6,6.5
2007,GROVFO,196,7,6.5
2007,GROVFO,197,1,5
2007,GROVFO,197,2,5
2007,GROVFO,197,3,5
2007,GROVFO,197,4,5
2007,GROVFO,197,5,5.5
2007,GROVFO,197,6,6.5
2007,GROVFO,197,7,6.5
2007,GROVFO,521,1,0.0025
2007,GROVFO,521,2,0.0025
2007,GROVFO,521,3,0.0025
2007,GROVFO,521,4,0.0025
2007,GROVFO,521,5,0.00308
2007,GROVFO,521,6,0.00364
2007,GROVFO,521,7,0.00364
2007,GROVFO,522,1,0.001
2007,GROVFO,522,2,0.001
2007,GROVFO,522,3,0.001
2007,GROVFO,522,4,0.001
2007,GROVFO,522,5,0.00105
2007,GROVFO,522,6,0.00125
2007,GROVFO,522,7,0.00125
2007,GROVFO,523,1,0.002
2007,GROVFO,523,2,0.002
2007,GROVFO,523,3,0.002
2007,GROVFO,523,4,0.002
2007,GROVFO,523,5,0.0025
2007,GROVFO,523,6,0.00308
2007,GROVFO,523,7,0.00308
2007,GROVFO,832,1,0.2
2007,GROVFO,832,2,0.2
2007,GROVFO,832,3,0.2
2007,GROVFO,832,4,0.2
2007,GROVFO,832,5,0.25
2007,GROVFO,832,6,0.3
2007,GROVFO,832,7,0.3
2007,GROVFO,841,1,0.02
2007,GROVFO,841,2,0.02
2007,GROVFO,841,3,0.02
2007,GROVFO,841,4,0.02
2007,GROVFO,841,5,0.02
2007,GROVFO,841,6,0.02
2007,GROVFO,841,7,0.02
2007,GROVFO,STOR,1,5
2007,GROVFO,STOR,2,5
2007,GROVFO,STOR,3,5
2007,GROVFO,STOR,4,5
2007,GROVFO,STOR,5,5.5
2007,GROVFO,STOR,6,6.5
2007,GROVFO,STOR,7,6.5
2007,GROVFO,HEST,1,12
2007,GROVFO,HEST,2,12
2007,GROVFO,HEST,3,12
2007,GROVFO,HEST,4,12
2007,GROVFO,HEST,5,13
2007,GROVFO,HEST,6,15
2007,GROVFO,HEST,7,15
2007,GROVFO,VSAU,1,1.9
2007,GROVFO,VSAU,2,1.9
2007,GROVFO,VSAU,3,1.9
2007,GROVFO,VSAU,4,1.9
2007,GROVFO,VSAU,5,2.2
2007,GROVFO,VSAU,6,2.5
2007,GROVFO,VSAU,7,2.5
2007,INMARK,120,1,7
2007,INMARK,120,2,7
2007,INMARK,120,3,7
2007,INMARK,120,4,7
2007,INMARK,120,5,7.5
2007,INMARK,120,6,9
2007,INMARK,120,7,9
2007,INMARK,121,1,7
2007,INMARK,121,2,7
2007,INMARK,121,3,7
2007,INMARK,121,4,7
2007,INMARK,121,5,7.5
2007,INMARK,121,6,9
2007,INMARK,121,7,9
2007,INMARK,140,1,2
2007,INMARK,140,2,2
2007,INMARK,140,3,2
2007,INMARK,140,4,2
2007,INMARK,140,5,2.5
2007,INMARK,140,6,3
2007,INMARK,140,7,3
2007,INMARK,142,1,2
2007,INMARK,142,2,2
2007,INMARK,142,3,2
2007,INMARK,142,4,2
2007,INMARK,142,5,2.5
2007,INMARK,142,6,3
2007,INMARK,142,7,3
2007,INMARK,181,1,2
2007,INMARK,181,2,2
2007,INMARK,181,3,2
2007,INMARK,181,4,2
2007,INMARK,181,5,2.5
2007,INMARK,181,6,3
2007,INMARK,181,7,3
2007,INMARK,192,1,3
2007,INMARK,192,2,3
2007,INMARK,192,3,3
2007,INMARK,192,4,3
2007,INMARK,192,5,4
2007,INMARK,192,6,5
2007,INMARK,192,7,5
2007,INMARK,193,1,5.5
2007,INMARK,193,2,5.5
2007,INMARK,193,3,5.5
2007,INMARK,193,4,5.5
2007,INMARK,193,5,6
2007,INMARK,193,6,7.5
2007,INMARK,193,7,7.5
2007,INMARK,196,1,3
2007,INMARK,196,2,3
2007,INMARK,196,3,3
2007,INMARK,196,4,3
2007,INMARK,196,5,4
2007,INMARK,196,6,5
2007,INMARK,196,7,5
2007,INMARK,197,1,3
2007,INMARK,197,2,3
2007,INMARK,197,3,3
2007,INMARK,197,4,3
2007,INMARK,197,5,4
2007,INMARK,197,6,5
2007,INMARK,197,7,5
2007,INMARK,STOR,1,3
2007,INMARK,STOR,2,3
2007,INMARK,STOR,3,3
2007,INMARK,STOR,4,3
2007,INMARK,STOR,5,4
2007,INMARK,STOR,6,5
2007,INMARK,STOR,7,5
2007,INMARK,HEST,1,5.5
2007,INMARK,HEST,2,5.5
2007,INMARK,HEST,3,5.5
2007,INMARK,HEST,4,5.5
2007,INMARK,HEST,5,6
2007,INMARK,HEST,6,7.5
2007,INMARK,HEST,7,7.5
2007,INMARK,VSAU,1,2.2
2007,INMARK,VSAU,2,2.2
2007,INMARK,VSAU,3,2.2
2007,INMARK,VSAU,4,2.2
2007,INMARK,VSAU,5,2.8
2007,INMARK,VSAU,6,3.3
2007,INMARK,VSAU,7,3.3
2008,GROVFO,120,1,14
2008,GROVFO,120,2,14
2008,GROVFO,120,3,14
2008,GROVFO,120,4,14
2008,GROVFO,120,5,15
2008,GROVFO,120,6,18
2008,GROVFO,120,7,18
2008,GROVFO,121,1,14
2008,GROVFO,121,2,14
2008,GROVFO,121,3,14
2008,GROVFO,121,4,14
2008,GROVFO,121,5,15
2008,GROVFO,121,6,18
2008,GROVFO,121,7,18
2008,GROVFO,140,1,1.75
2008,GROVFO,140,2,1.75
2008,GROVFO,140,3,1.75
2008,GROVFO,140,4,1.75
2008,GROVFO,140,5,2
2008,GROVFO,140,6,2.25
2008,GROVFO,140,7,2.25
2008,GROVFO,142,1,1.75
2008,GROVFO,142,2,1.75
2008,GROVFO,142,3,1.75
2008,GROVFO,142,4,1.75
2008,GROVFO,142,5,2
2008,GROVFO,142,6,2.25
2008,GROVFO,142,7,2.25
2008,GROVFO,155,1,0.75
2008,GROVFO,155,2,0.75
2008,GROVFO,155,3,0.75
2008,GROVFO,155,4,0.75
2008,GROVFO,155,5,1
2008,GROVFO,155,6,1.25
2008,GROVFO,155,7,1.25
2008,GROVFO,180,1,0.75
2008,GROVFO,180,2,0.75
2008,GROVFO,180,3,0.75
2008,GROVFO,180,4,0.75
2008,GROVFO,180,5,1
2008,GROVFO,180,6,1.25
2008,GROVFO,180,7,1.25
2008,GROVFO,181,1,5
2008,GROVFO,181,2,5
2008,GROVFO,181,3,5
2008,GROVFO,181,4,5
2008,GROVFO,181,5,5.5
2008,GROVFO,181,6,6.5
2008,GROVFO,181,7,6.5
2008,GROVFO,183,1,0.75
2008,GROVFO,183,2,0.75
2008,GROVFO,183,3,0.75
2008,GROVFO,183,4,0.75
2008,GROVFO,183,5,1
2008,GROVFO,183,6,1.25
2008,GROVFO,183,7,1.25
2008,GROVFO,192,1,5
2008,GROVFO,192,2,5
2008,GROVFO,192,3,5
2008,GROVFO,192,4,5
2008,GROVFO,192,5,5.5
2008,GROVFO,192,6,6.5
2008,GROVFO,192,7,6.5
2008,GROVFO,193,1,5
2008,GROVFO,193,2,5
2008,GROVFO,193,3,5
2008,GROVFO,193,4,5
2008,GROVFO,193,5,5.5
2008,GROVFO,193,6,6.5
2008,GROVFO,193,7,6.5
2008,GROVFO,196,1,5
2008,GROVFO,196,2,5
2008,GROVFO,196,3,5
2008,GROVFO,196,4,5
2008,GROVFO,196,5,5.5
2008,GROVFO,196,6,6.5
2008,GROVFO,196,7,6.5
2008,GROVFO,197,1,5
2008,GROVFO,197,2,5
2008,GROVFO,197,3,5
2008,GROVFO,197,4,5
2008,GROVFO,197,5,5.5
2008,GROVFO,197,6,6.5
2008,GROVFO,197,7,6.5
2008,GROVFO,521,1,0.0025
2008,GROVFO,521,2,0.0025
2008,GROVFO,521,3,0.0025
2008,GROVFO,521,4,0.0025
2008,GROVFO,521,5,0.00308
2008,GROVFO,521,6,0.00364
2008,GROVFO,521,7,0.00364
2008,GROVFO,522,1,0.001
2008,GROVFO,522,2,0.001
2008,GROVFO,522,3,0.001
2008,GROVFO,522,4,0.001
2008,GROVFO,522,5,0.00105
2008,GROVFO,522,6,0.00125
2008,GROVFO,522,7,0.00125
2008,GROVFO,523,1,0.002
2008,GROVFO,523,2,0.002
2008,GROVFO,523,3,0.002
2008,GROVFO,523,4,0.002
2008,GROVFO,523,5,0.0025
2008,GROVFO,523,6,0.00308
2008,GROVFO,523,7,0.00308
2008,GROVFO,832,1,0.2
2008,GROVFO,832,2,0.2
2008,GROVFO,832,3,0.2
2008,GROVFO,832,4,0.2
2008,GROVFO,832,5,0.25
2008,GROVFO,832,6,0.3
2008,GROVFO,832,7,0.3
2008,GROVFO,841,1,0.02
2008,GROVFO,841,2,0.02
2008,GROVFO,841,3,0.02
2008,GROVFO,841,4,0.02
2008,GROVFO,841,5,0.02
2008,GROVFO,841,6,0.02
2008,GROVFO,841,7,0.02
2008,GROVFO,STOR,1,5
2008,GROVFO,STOR,2,5
2008,GROVFO,STOR,3,5
2008,GROVFO,STOR,4,5
2008,GROVFO,STOR,5,5.5
2008,GROVFO,STOR,6,6.5
2008,GROVFO,STOR,7,6.5
2008,GROVFO,HEST,1,12
2008,GROVFO,HEST,2,12
2008,GROVFO,HEST,3,12
2008,GROVFO,HEST,4,12
2008,GROVFO,HEST,5,13
2008,GROVFO,HEST,6,15
2008,GROVFO,HEST,7,15
2008,GROVFO,VSAU,1,1.9
2008,GROVFO,VSAU,2,1.9
2008,GROVFO,VSAU,3,1.9
2008,GROVFO,VSAU,4,1.9
2008,GROVFO,VSAU,5,2.2
2008,GROVFO,VSAU,6,2.5
2008,GROVFO,VSAU,7,2.5
2008,INMARK,120,1,7
2008,INMARK,120,2,7
2008,INMARK,120,3,7
2008,INMARK,120,4,7
2008,INMARK,120,5,7.5
2008,INMARK,120,6,9
2008,INMARK,120,7,9
2008,INMARK,121,1,7
2008,INMARK,121,2,7
2008,INMARK,121,3,7
2008,INMARK,121,4,7
2008,INMARK,121,5,7.5
2008,INMARK,121,6,9
2008,INMARK,121,7,9
2008,INMARK,140,1,2
2008,INMARK,140,2,2
2008,INMARK,140,3,2
2008,INMARK,140,4,2
2008,INMARK,140,5,2.5
2008,INMARK,140,6,3
2008,INMARK,140,7,3
2008,INMARK,142,1,2
2008,INMARK,142,2,2
2008,INMARK,142,3,2
2008,INMARK,142,4,2
2008,INMARK,142,5,2.5
2008,INMARK,142,6,3
2008,INMARK,142,7,3
2008,INMARK,181,1,2
2008,INMARK,181,2,2
2008,INMARK,181,3,2
2008,INMARK,181,4,2
2008,INMARK,181,5,2.5
2008,INMARK,181,6,3
2008,INMARK,181,7,3
2008,INMARK,192,1,3
2008,INMARK,192,2,3
2008,INMARK,192,3,3
2008,INMARK,192,4,3
2008,INMARK,192,5,4
2008,INMARK,192,6,5
2008,INMARK,192,7,5
2008,INMARK,193,1,5.5
2008,INMARK,193,2,5.5
2008,INMARK,193,3,5.5
2008,INMARK,193,4,5.5
2008,INMARK,193,5,6
2008,INMARK,193,6,7.5
2008,INMARK,193,7,7.5
2008,INMARK,196,1,3
2008,INMARK,196,2,3
2008,INMARK,196,3,3
2008,INMARK,196,4,3
2008,INMARK,196,5,4
2008,INMARK,196,6,5
2008,INMARK,196,7,5
2008,INMARK,197,1,3
2008,INMARK,197,2,3
2008,INMARK,197,3,3
2008,INMARK,197,4,3
2008,INMARK,197,5,4
2008,INMARK,197,6,5
2008,INMARK,197,7,5
2008,INMARK,STOR,1,3
2008,INMARK,STOR,2,3
2008,INMARK,STOR,3,3
2008,INMARK,STOR,4,3
2008,INMARK,STOR,5,4
2008,INMARK,STOR,6,5
2008,INMARK,STOR,7,5
2008,INMARK,HEST,1,5.5
2008,INMARK,HEST,2,5.5
2008,INMARK,HEST,3,5.5
2008,INMARK,HEST,4,5.5
2008,INMARK,HEST,5,6
2008,INMARK,HEST,6,7.5
2008,INMARK,HEST,7,7.5
2008,INMARK,VSAU,1,2.2
2008,INMARK,VSAU,2,2.2
2008,INMARK,VSAU,3,2.2
2008,INMARK,VSAU,4,2.2
2008,INMARK,VSAU,5,2.8
2008,INMARK,VSAU,6,3.3
2008,INMARK,VSAU,7,3.3
2009,GROVFO,120,1,14
2009,GROVFO,120,2,14
2009,GROVFO,120,3,14
2009,GROVFO,120,4,14
2009,GROVFO,120,5,15
2009,GROVFO,120,6,18
2009,GROVFO,120,7,18
2009,GROVFO,121,1,14
2009,GROVFO,121,2,14
2009,GROVFO,121,3,14
2009,GROVFO,121,4,14
2009,GROVFO,121,5,15
2009,GROVFO,121,6,18
2009,GROVFO,121,7,18
2009,GROVFO,140,1,1.75
2009,GROVFO,140,2,1.75
2009,GROVFO,140,3,1.75
2009,GROVFO,140,4,1.75
2009,GROVFO,140,5,2
2009,GROVFO,140,6,2.25
2009,GROVFO,140,7,2.25
2009,GROVFO,142,1,1.75
2009,GROVFO,142,2,1.75
2009,GROVFO,142,3,1.75
2009,GROVFO,142,4,1.75
2009,GROVFO,142,5,2
2009,GROVFO,142,6,2.25
2009,GROVFO,142,7,2.25
2009,GROVFO,155,1,0.75
2009,GROVFO,155,2,0.75
2009,GROVFO,155,3,0.75
2009,GROVFO,155,4,0.75
2009,GROVFO,155,5,1
2009,GROVFO,155,6,1.25
2009,GROVFO,155,7,1.25
2009,GROVFO,180,1,0.75
2009,GROVFO,180,2,0.75
2009,GROVFO,180,3,0.75
2009,GROVFO,180,4,0.75
2009,GROVFO,180,5,1
2009,GROVFO,180,6,1.25
2009,GROVFO,180,7,1.25
2009,GROVFO,181,1,5
2009,GROVFO,181,2,5
2009,GROVFO,181,3,5
2009,GROVFO,181,4,5
2009,GROVFO,181,5,5.5
2009,GROVFO,181,6,6.5
2009,GROVFO,181,7,6.5
2009,GROVFO,183,1,0.75
2009,GROVFO,183,2,0.75
2009,GROVFO,183,3,0.75
2009,GROVFO,183,4,0.75
2009,GROVFO,183,5,1
2009,GROVFO,183,6,1.25
2009,GROVFO,183,7,1.25
2009,GROVFO,192,1,5
2009,GROVFO,192,2,5
2009,GROVFO,192,3,5
2009,GROVFO,192,4,5
2009,GROVFO,192,5,5.5
2009,GROVFO,192,6,6.5
2009,GROVFO,192,7,6.5
2009,GROVFO,193,1,5
2009,GROVFO,193,2,5
2009,GROVFO,193,3,5
2009,GROVFO,193,4,5
2009,GROVFO,193,5,5.5
2009,GROVFO,193,6,6.5
2009,GROVFO,193,7,6.5
2009,GROVFO,196,1,5
2009,GROVFO,196,2,5
2009,GROVFO,196,3,5
2009,GROVFO,196,4,5
2009,GROVFO,196,5,5.5
2009,GROVFO,196,6,6.5
2009,GROVFO,196,7,6.5
2009,GROVFO,197,1,5
2009,GROVFO,197,2,5
2009,GROVFO,197,3,5
2009,GROVFO,197,4,5
2009,GROVFO,197,5,5.5
2009,GROVFO,197,6,6.5
2009,GROVFO,197,7,6.5
2009,GROVFO,521,1,0.0025
2009,GROVFO,521,2,0.0025
2009,GROVFO,521,3,0.0025
2009,GROVFO,521,4,0.0025
2009,GROVFO,521,5,0.00308
2009,GROVFO,521,6,0.00364
2009,GROVFO,521,7,0.00364
2009,GROVFO,522,1,0.001
2009,GROVFO,522,2,0.001
2009,GROVFO,522,3,0.001
2009,GROVFO,522,4,0.001
2009,GROVFO,522,5,0.00105
2009,GROVFO,522,6,0.00125
2009,GROVFO,522,7,0.00125
2009,GROVFO,523,1,0.002
2009,GROVFO,523,2,0.002
2009,GROVFO,523,3,0.002
2009,GROVFO,523,4,0.002
2009,GROVFO,523,5,0.0025
2009,GROVFO,523,6,0.00308
2009,GROVFO,523,7,0.00308
2009,GROVFO,832,1,0.2
2009,GROVFO,832,2,0.2
2009,GROVFO,832,3,0.2
2009,GROVFO,832,4,0.2
2009,GROVFO,832,5,0.25
2009,GROVFO,832,6,0.3
2009,GROVFO,832,7,0.3
2009,GROVFO,841,1,0.02
2009,GROVFO,841,2,0.02
2009,GROVFO,841,3,0.02
2009,GROVFO,841,4,0.02
2009,GROVFO,841,5,0.02
2009,GROVFO,841,6,0.02
2009,GROVFO,841,7,0.02
2009,GROVFO,STOR,1,5
2009,GROVFO,STOR,2,5
2009,GROVFO,STOR,3,5
2009,GROVFO,STOR,4,5
2009,GROVFO,STOR,5,5.5
2009,GROVFO,STOR,6,6.5
2009,GROVFO,STOR,7,6.5
2009,GROVFO,HEST,1,12
2009,GROVFO,HEST,2,12
2009,GROVFO,HEST,3,12
2009,GROVFO,HEST,4,12
2009,GROVFO,HEST,5,13
2009,GROVFO,HEST,6,15
2009,GROVFO,HEST,7,15
2009,GROVFO,VSAU,1,1.9
2009,GROVFO,VSAU,2,1.9
2009,GROVFO,VSAU,3,1.9
2009,GROVFO,VSAU,4,1.9
2009,GROVFO,VSAU,5,2.2
2009,GROVFO,VSAU,6,2.5
2009,GROVFO,VSAU,7,2.5
2009,INMARK,120,1,7
2009,INMARK,120,2,7
2009,INMARK,120,3,7
2009,INMARK,120,4,7
2009,INMARK,120,5,7.5
2009,INMARK,120,6,9
2009,INMARK,120,7,9
2009,INMARK,121,1,7
2009,INMARK,121,2,7
2009,INMARK,121,3,7
2009,INMARK,121,4,7
2009,INMARK,121,5,7.5
2009,INMARK,121,6,9
2009,INMARK,121,7,9
2009,INMARK,140,1,2
2009,INMARK,140,2,2
2009,INMARK,140,3,2
2009,INMARK,140,4,2
2009,INMARK,140,5,2.5
2009,INMARK,140,6,3
2009,INMARK,140,7,3
2009,INMARK,142,1,2
2009,INMARK,142,2,2
2009,INMARK,142,3,2
2009,INMARK,142,4,2
2009,INMARK,142,5,2.5
2009,INMARK,142,6,3
2009,INMARK,142,7,3
2009,INMARK,181,1,2
2009,INMARK,181,2,2
2009,INMARK,181,3,2
2009,INMARK,181,4,2
2009,INMARK,181,5,2.5
2009,INMARK,181,6,3
2009,INMARK,181,7,3
2009,INMARK,192,1,3
2009,INMARK,192,2,3
2009,INMARK,192,3,3
2009,INMARK,192,4,3
2009,INMARK,192,5,4
2009,INMARK,192,6,5
2009,INMARK,192,7,5
2009,INMARK,193,1,5.5
2009,INMARK,193,2,5.5
2009,INMARK,193,3,5.5
2009,INMARK,193,4,5.5
2009,INMARK,193,5,6
2009,INMARK,193,6,7.5
2009,INMARK,193,7,7.5
2009,INMARK,196,1,3
2009,INMARK,196,2,3
2009,INMARK,196,3,3
2009,INMARK,196,4,3
2009,INMARK,196,5,4
2009,INMARK,196,6,5
2009,INMARK,196,7,5
2009,INMARK,197,1,3
2009,INMARK,197,2,3
2009,INMARK,197,3,3
2009,INMARK,197,4,3
2009,INMARK,197,5,4
2009,INMARK,197,6,5
2009,INMARK,197,7,5
2009,INMARK,STOR,1,3
2009,INMARK,STOR,2,3
2009,INMARK,STOR,3,3
2009,INMARK,STOR,4,3
2009,INMARK,STOR,5,4
2009,INMARK,STOR,6,5
2009,INMARK,STOR,7,5
2009,INMARK,HEST,1,5.5
2009,INMARK,HEST,2,5.5
2009,INMARK,HEST,3,5.5
2009,INMARK,HEST,4,5.5
2009,INMARK,HEST,5,6
2009,INMARK,HEST,6,7.5
2009,INMARK,HEST,7,7.5
2009,INMARK,VSAU,1,2.2
2009,INMARK,VSAU,2,2.2
2009,INMARK,VSAU,3,2.2
2009,INMARK,VSAU,4,2.2
2009,INMARK,VSAU,5,2.8
2009,INMARK,VSAU,6,3.3
2009,INMARK,VSAU,7,3.3
2010,GROVFO,120,1,14
2010,GROVFO,120,2,14
2010,GROVFO,120,3,14
2010,GROVFO,120,4,14
2010,GROVFO,120,5,15
2010,GROVFO,120,6,18
2010,GROVFO,120,7,18
2010,GROVFO,121,1,14
2010,GROVFO,121,2,14
2010,GROVFO,121,3,14
2010,GROVFO,121,4,14
2010,GROVFO,121,5,15
2010,GROVFO,121,6,18
2010,GROVFO,121,7,18
2010,GROVFO,140,1,1.75
2010,GROVFO,140,2,1.75
2010,GROVFO,140,3,1.75
2010,GROVFO,140,4,1.75
2010,GROVFO,140,5,2
2010,GROVFO,140,6,2.25
2010,GROVFO,140,7,2.25
2010,GROVFO,142,1,1.75
2010,GROVFO,142,2,1.75
2010,GROVFO,142,3,1.75
2010,GROVFO,142,4,1.75
2010,GROVFO,142,5,2
2010,GROVFO,142,6,2.25
2010,GROVFO,142,7,2.25
2010,GROVFO,155,1,0.75
2010,GROVFO,155,2,0.75
2010,GROVFO,155,3,0.75
2010,GROVFO,155,4,0.75
2010,GROVFO,155,5,1
2010,GROVFO,155,6,1.25
2010,GROVFO,155,7,1.25
2010,GROVFO,180,1,0.75
2010,GROVFO,180,2,0.75
2010,GROVFO,180,3,0.75
2010,GROVFO,180,4,0.75
2010,GROVFO,180,5,1
2010,GROVFO,180,6,1.25
2010,GROVFO,180,7,1.25
2010,GROVFO,181,1,5
2010,GROVFO,181,2,5
2010,GROVFO,181,3,5
2010,GROVFO,181,4,5
2010,GROVFO,181,5,5.5
2010,GROVFO,181,6,6.5
2010,GROVFO,181,7,6.5
2010,GROVFO,183,1,0.75
2010,GROVFO,183,2,0.75
2010,GROVFO,183,3,0.75
2010,GROVFO,183,4,0.75
2010,GROVFO,183,5,1
2010,GROVFO,183,6,1.25
2010,GROVFO,183,7,1.25
2010,GROVFO,192,1,5
2010,GROVFO,192,2,5
2010,GROVFO,192,3,5
2010,GROVFO,192,4,5
2010,GROVFO,192,5,5.5
2010,GROVFO,192,6,6.5
2010,GROVFO,192,7,6.5
2010,GROVFO,193,1,5
2010,GROVFO,193,2,5
2010,GROVFO,193,3,5
2010,GROVFO,193,4,5
2010,GROVFO,193,5,5.5
2010,GROVFO,193,6,6.5
2010,GROVFO,193,7,6.5
2010,GROVFO,196,1,5
2010,GROVFO,196,2,5
2010,GROVFO,196,3,5
2010,GROVFO,196,4,5
2010,GROVFO,196,5,5.5
2010,GROVFO,196,6,6.5
2010,GROVFO,196,7,6.5
2010,GROVFO,197,1,5
2010,GROVFO,197,2,5
2010,GROVFO,197,3,5
2010,GROVFO,197,4,5
2010,GROVFO,197,5,5.5
2010,GROVFO,197,6,6.5
2010,GROVFO,197,7,6.5
2010,GROVFO,521,1,0.0025
2010,GROVFO,521,2,0.0025
2010,GROVFO,521,3,0.0025
2010,GROVFO,521,4,0.0025
2010,GROVFO,521,5,0.00308
2010,GROVFO,521,6,0.00364
2010,GROVFO,521,7,0.00364
2010,GROVFO,522,1,0.001
2010,GROVFO,522,2,0.001
2010,GROVFO,522,3,0.001
2010,GROVFO,522,4,0.001
2010,GROVFO,522,5,0.00105
2010,GROVFO,522,6,0.00125
2010,GROVFO,522,7,0.00125
2010,GROVFO,523,1,0.002
2010,GROVFO,523,2,0.002
2010,GROVFO,523,3,0.002
2010,GROVFO,523,4,0.002
2010,GROVFO,523,5,0.0025
2010,GROVFO,523,6,0.00308
2010,GROVFO,523,7,0.00308
2010,GROVFO,832,1,0.2
2010,GROVFO,832,2,0.2
2010,GROVFO,832,3,0.2
2010,GROVFO,832,4,0.2
2010,GROVFO,832,5,0.25
2010,GROVFO,832,6,0.3
2010,GROVFO,832,7,0.3
2010,GROVFO,841,1,0.02
2010,GROVFO,841,2,0.02
2010,GROVFO,841,3,0.02
2010,GROVFO,841,4,0.02
2010,GROVFO,841,5,0.02
2010,GROVFO,841,6,0.02
2010,GROVFO,841,7,0.02
2010,GROVFO,STOR,1,5
2010,GROVFO,STOR,2,5
2010,GROVFO,STOR,3,5
2010,GROVFO,STOR,4,5
2010,GROVFO,STOR,5,5.5
2010,GROVFO,STOR,6,6.5
2010,GROVFO,STOR,7,6.5
2010,GROVFO,HEST,1,12
2010,GROVFO,HEST,2,12
2010,GROVFO,HEST,3,12
2010,GROVFO,HEST,4,12
2010,GROVFO,HEST,5,13
2010,GROVFO,HEST,6,15
2010,GROVFO,HEST,7,15
2010,GROVFO,VSAU,1,1.9
2010,GROVFO,VSAU,2,1.9
2010,GROVFO,VSAU,3,1.9
2010,GROVFO,VSAU,4,1.9
2010,GROVFO,VSAU,5,2.2
2010,GROVFO,VSAU,6,2.5
2010,GROVFO,VSAU,7,2.5
2010,INMARK,120,1,7
2010,INMARK,120,2,7
2010,INMARK,120,3,7
2010,INMARK,120,4,7
2010,INMARK,120,5,7.5
2010,INMARK,120,6,9
2010,INMARK,120,7,9
2010,INMARK,121,1,7
2010,INMARK,121,2,7
2010,INMARK,121,3,7
2010,INMARK,121,4,7
2010,INMARK,121,5,7.5
2010,INMARK,121,6,9
2010,INMARK,121,7,9
2010,INMARK,140,1,2
2010,INMARK,140,2,2
2010,INMARK,140,3,2
2010,INMARK,140,4,2
2010,INMARK,140,5,2.5
2010,INMARK,140,6,3
2010,INMARK,140,7,3
2010,INMARK,142,1,2
2010,INMARK,142,2,2
2010,INMARK,142,3,2
2010,INMARK,142,4,2
2010,INMARK,142,5,2.5
2010,INMARK,142,6,3
2010,INMARK,142,7,3
2010,INMARK,181,1,2
2010,INMARK,181,2,2
2010,INMARK,181,3,2
2010,INMARK,181,4,2
2010,INMARK,181,5,2.5
2010,INMARK,181,6,3
2010,INMARK,181,7,3
2010,INMARK,192,1,3
2010,INMARK,192,2,3
2010,INMARK,192,3,3
2010,INMARK,192,4,3
2010,INMARK,192,5,4
2010,INMARK,192,6,5
2010,INMARK,192,7,5
2010,INMARK,193,1,5.5
2010,INMARK,193,2,5.5
2010,INMARK,193,3,5.5
2010,INMARK,193,4,5.5
2010,INMARK,193,5,6
2010,INMARK,193,6,7.5
2010,INMARK,193,7,7.5
2010,INMARK,196,1,3
2010,INMARK,196,2,3
2010,INMARK,196,3,3
2010,INMARK,196,4,3
2010,INMARK,196,5,4
2010,INMARK,196,6,5
2010,INMARK,196,7,5
2010,INMARK,197,1,3
2010,INMARK,197,2,3
2010,INMARK,197,3,3
2010,INMARK,197,4,3
2010,INMARK,197,5,4
2010,INMARK,197,6,5
2010,INMARK,197,7,5
2010,INMARK,STOR,1,3
2010,INMARK,STOR,2,3
2010,INMARK,STOR,3,3
2010,INMARK,STOR,4,3
2010,INMARK,STOR,5,4
2010,INMARK,STOR,6,5
2010,INMARK,STOR,7,5
2010,INMARK,HEST,1,5.5
2010,INMARK,HEST,2,5.5
2010,INMARK,HEST,3,5.5
2010,INMARK,HEST,4,5.5
2010,INMARK,HEST,5,6
2010,INMARK,HEST,6,7.5
2010,INMARK,HEST,7,7.5
2010,INMARK,VSAU,1,2.2
2010,INMARK,VSAU,2,2.2
2010,INMARK,VSAU,3,2.2
2010,INMARK,VSAU,4,2.2
2010,INMARK,VSAU,5,2.8
2010,INMARK,VSAU,6,3.3
2010,INMARK,VSAU,7,3.3
2011,GROVFO,120,1,14
2011,GROVFO,120,2,14
2011,GROVFO,120,3,14
2011,GROVFO,120,4,14
2011,GROVFO,120,5,15
2011,GROVFO,120,6,18
2011,GROVFO,120,7,18
2011,GROVFO,121,1,14
2011,GROVFO,121,2,14
2011,GROVFO,121,3,14
2011,GROVFO,121,4,14
2011,GROVFO,121,5,15
2011,GROVFO,121,6,18
2011,GROVFO,121,7,18
2011,GROVFO,140,1,1.75
2011,GROVFO,140,2,1.75
2011,GROVFO,140,3,1.75
2011,GROVFO,140,4,1.75
2011,GROVFO,140,5,2
2011,GROVFO,140,6,2.25
2011,GROVFO,140,7,2.25
2011,GROVFO,142,1,1.75
2011,GROVFO,142,2,1.75
2011,GROVFO,142,3,1.75
2011,GROVFO,142,4,1.75
2011,GROVFO,142,5,2
2011,GROVFO,142,6,2.25
2011,GROVFO,142,7,2.25
2011,GROVFO,155,1,0.75
2011,GROVFO,155,2,0.75
2011,GROVFO,155,3,0.75
2011,GROVFO,155,4,0.75
2011,GROVFO,155,5,1
2011,GROVFO,155,6,1.25
2011,GROVFO,155,7,1.25
2011,GROVFO,180,1,0.75
2011,GROVFO,180,2,0.75
2011,GROVFO,180,3,0.75
2011,GROVFO,180,4,0.75
2011,GROVFO,180,5,1
2011,GROVFO,180,6,1.25
2011,GROVFO,180,7,1.25
2011,GROVFO,181,1,5
2011,GROVFO,181,2,5
2011,GROVFO,181,3,5
2011,GROVFO,181,4,5
2011,GROVFO,181,5,5.5
2011,GROVFO,181,6,6.5
2011,GROVFO,181,7,6.5
2011,GROVFO,183,1,0.75
2011,GROVFO,183,2,0.75
2011,GROVFO,183,3,0.75
2011,GROVFO,183,4,0.75
2011,GROVFO,183,5,1
2011,GROVFO,183,6,1.25
2011,GROVFO,183,7,1.25
2011,GROVFO,192,1,5
2011,GROVFO,192,2,5
2011,GROVFO,192,3,5
2011,GROVFO,192,4,5
2011,GROVFO,192,5,5.5
2011,GROVFO,192,6,6.5
2011,GROVFO,192,7,6.5
2011,GROVFO,193,1,5
2011,GROVFO,193,2,5
2011,GROVFO,193,3,5
2011,GROVFO,193,4,5
2011,GROVFO,193,5,5.5
2011,GROVFO,193,6,6.5
2011,GROVFO,193,7,6.5
2011,GROVFO,196,1,5
2011,GROVFO,196,2,5
2011,GROVFO,196,3,5
2011,GROVFO,196,4,5
2011,GROVFO,196,5,5.5
2011,GROVFO,196,6,6.5
2011,GROVFO,196,7,6.5
2011,GROVFO,197,1,5
2011,GROVFO,197,2,5
2011,GROVFO,197,3,5
2011,GROVFO,197,4,5
2011,GROVFO,197,5,5.5
2011,GROVFO,197,6,6.5
2011,GROVFO,197,7,6.5
2011,GROVFO,521,1,0.0025
2011,GROVFO,521,2,0.0025
2011,GROVFO,521,3,0.0025
2011,GROVFO,521,4,0.0025
2011,GROVFO,521,5,0.00308
2011,GROVFO,521,6,0.00364
2011,GROVFO,521,7,0.00364
2011,GROVFO,522,1,0.001
2011,GROVFO,522,2,0.001
2011,GROVFO,522,3,0.001
2011,GROVFO,522,4,0.001
2011,GROVFO,522,5,0.00105
2011,GROVFO,522,6,0.00125
2011,GROVFO,522,7,0.00125
2011,GROVFO,523,1,0.002
2011,GROVFO,523,2,0.002
2011,GROVFO,523,3,0.002
2011,GROVFO,523,4,0.002
2011,GROVFO,523,5,0.0025
2011,GROVFO,523,6,0.00308
2011,GROVFO,523,7,0.00308
2011,GROVFO,832,1,0.2
2011,GROVFO,832,2,0.2
2011,GROVFO,832,3,0.2
2011,GROVFO,832,4,0.2
2011,GROVFO,832,5,0.25
2011,GROVFO,832,6,0.3
2011,GROVFO,832,7,0.3
2011,GROVFO,841,1,0.02
2011,GROVFO,841,2,0.02
2011,GROVFO,841,3,0.02
2011,GROVFO,841,4,0.02
2011,GROVFO,841,5,0.02
2011,GROVFO,841,6,0.02
2011,GROVFO,841,7,0.02
2011,GROVFO,STOR,1,5
2011,GROVFO,STOR,2,5
2011,GROVFO,STOR,3,5
2011,GROVFO,STOR,4,5
2011,GROVFO,STOR,5,5.5
2011,GROVFO,STOR,6,6.5
2011,GROVFO,STOR,7,6.5
2011,GROVFO,HEST,1,12
2011,GROVFO,HEST,2,12
2011,GROVFO,HEST,3,12
2011,GROVFO,HEST,4,12
2011,GROVFO,HEST,5,13
2011,GROVFO,HEST,6,15
2011,GROVFO,HEST,7,15
2011,GROVFO,VSAU,1,1.9
2011,GROVFO,VSAU,2,1.9
2011,GROVFO,VSAU,3,1.9
2011,GROVFO,VSAU,4,1.9
2011,GROVFO,VSAU,5,2.2
2011,GROVFO,VSAU,6,2.5
2011,GROVFO,VSAU,7,2.5
2011,INMARK,120,1,7
2011,INMARK,120,2,7
2011,INMARK,120,3,7
2011,INMARK,120,4,7
2011,INMARK,120,5,7.5
2011,INMARK,120,6,9
2011,INMARK,120,7,9
2011,INMARK,121,1,7
2011,INMARK,121,2,7
2011,INMARK,121,3,7
2011,INMARK,121,4,7
2011,INMARK,121,5,7.5
2011,INMARK,121,6,9
2011,INMARK,121,7,9
2011,INMARK,140,1,2
2011,INMARK,140,2,2
2011,INMARK,140,3,2
2011,INMARK,140,4,2
2011,INMARK,140,5,2.5
2011,INMARK,140,6,3
2011,INMARK,140,7,3
2011,INMARK,142,1,2
2011,INMARK,142,2,2
2011,INMARK,142,3,2
2011,INMARK,142,4,2
2011,INMARK,142,5,2.5
2011,INMARK,142,6,3
2011,INMARK,142,7,3
2011,INMARK,181,1,2
2011,INMARK,181,2,2
2011,INMARK,181,3,2
2011,INMARK,181,4,2
2011,INMARK,181,5,2.5
2011,INMARK,181,6,3
2011,INMARK,181,7,3
2011,INMARK,192,1,3
2011,INMARK,192,2,3
2011,INMARK,192,3,3
2011,INMARK,192,4,3
2011,INMARK,192,5,4
2011,INMARK,192,6,5
2011,INMARK,192,7,5
2011,INMARK,193,1,5.5
2011,INMARK,193,2,5.5
2011,INMARK,193,3,5.5
2011,INMARK,193,4,5.5
2011,INMARK,193,5,6
2011,INMARK,193,6,7.5
2011,INMARK,193,7,7.5
2011,INMARK,196,1,3
2011,INMARK,196,2,3
2011,INMARK,196,3,3
2011,INMARK,196,4,3
2011,INMARK,196,5,4
2011,INMARK,196,6,5
2011,INMARK,196,7,5
2011,INMARK,197,1,3
2011,INMARK,197,2,3
2011,INMARK,197,3,3
2011,INMARK,197,4,3
2011,INMARK,197,5,4
2011,INMARK,197,6,5
2011,INMARK,197,7,5
2011,INMARK,STOR,1,3
2011,INMARK,STOR,2,3
2011,INMARK,STOR,3,3
2011,INMARK,STOR,4,3
2011,INMARK,STOR,5,4
2011,INMARK,STOR,6,5
2011,INMARK,STOR,7,5
2011,INMARK,HEST,1,5.5
2011,INMARK,HEST,2,5.5
2011,INMARK,HEST,3,5.5
2011,INMARK,HEST,4,5.5
2011,INMARK,HEST,5,6
2011,INMARK,HEST,6,7.5
2011,INMARK,HEST,7,7.5
2011,INMARK,VSAU,1,2.2
2011,INMARK,VSAU,2,2.2
2011,INMARK,VSAU,3,2.2
2011,INMARK,VSAU,4,2.2
2011,INMARK,VSAU,5,2.8
2011,INMARK,VSAU,6,3.3
2011,INMARK,VSAU,7,3.3
2012,GROVFO,120,1,14
2012,GROVFO,120,2,14
2012,GROVFO,120,3,14
2012,GROVFO,120,4,14
2012,GROVFO,120,5,15
2012,GROVFO,120,6,18
2012,GROVFO,120,7,18
2012,GROVFO,121,1,14
2012,GROVFO,121,2,14
2012,GROVFO,121,3,14
2012,GROVFO,121,4,14
2012,GROVFO,121,5,15
2012,GROVFO,121,6,18
2012,GROVFO,121,7,18
2012,GROVFO,140,1,1.75
2012,GROVFO,140,2,1.75
2012,GROVFO,140,3,1.75
2012,GROVFO,140,4,1.75
2012,GROVFO,140,5,2
2012,GROVFO,140,6,2.25
2012,GROVFO,140,7,2.25
2012,GROVFO,142,1,1.75
2012,GROVFO,142,2,1.75
2012,GROVFO,142,3,1.75
2012,GROVFO,142,4,1.75
2012,GROVFO,142,5,2
2012,GROVFO,142,6,2.25
2012,GROVFO,142,7,2.25
2012,GROVFO,155,1,0.75
2012,GROVFO,155,2,0.75
2012,GROVFO,155,3,0.75
2012,GROVFO,155,4,0.75
2012,GROVFO,155,5,1
2012,GROVFO,155,6,1.25
2012,GROVFO,155,7,1.25
2012,GROVFO,180,1,0.75
2012,GROVFO,180,2,0.75
2012,GROVFO,180,3,0.75
2012,GROVFO,180,4,0.75
2012,GROVFO,180,5,1
2012,GROVFO,180,6,1.25
2012,GROVFO,180,7,1.25
2012,GROVFO,181,1,5
2012,GROVFO,181,2,5
2012,GROVFO,181,3,5
2012,GROVFO,181,4,5
2012,GROVFO,181,5,5.5
2012,GROVFO,181,6,6.5
2012,GROVFO,181,7,6.5
2012,GROVFO,183,1,0.75
2012,GROVFO,183,2,0.75
2012,GROVFO,183,3,0.75
2012,GROVFO,183,4,0.75
2012,GROVFO,183,5,1
2012,GROVFO,183,6,1.25
2012,GROVFO,183,7,1.25
2012,GROVFO,192,1,5
2012,GROVFO,192,2,5
2012,GROVFO,192,3,5
2012,GROVFO,192,4,5
2012,GROVFO,192,5,5.5
2012,GROVFO,192,6,6.5
2012,GROVFO,192,7,6.5
2012,GROVFO,193,1,5
2012,GROVFO,193,2,5
2012,GROVFO,193,3,5
2012,GROVFO,193,4,5
2012,GROVFO,193,5,5.5
2012,GROVFO,193,6,6.5
2012,GROVFO,193,7,6.5
2012,GROVFO,196,1,5
2012,GROVFO,196,2,5
2012,GROVFO,196,3,5
2012,GROVFO,196,4,5
2012,GROVFO,196,5,5.5
2012,GROVFO,196,6,6.5
2012,GROVFO,196,7,6.5
2012,GROVFO,197,1,5
2012,GROVFO,197,2,5
2012,GROVFO,197,3,5
2012,GROVFO,197,4,5
2012,GROVFO,197,5,5.5
2012,GROVFO,197,6,6.5
2012,GROVFO,197,7,6.5
2012,GROVFO,521,1,0.0025
2012,GROVFO,521,2,0.0025
2012,GROVFO,521,3,0.0025
2012,GROVFO,521,4,0.0025
2012,GROVFO,521,5,0.00308
2012,GROVFO,521,6,0.00364
2012,GROVFO,521,7,0.00364
2012,GROVFO,522,1,0.001
2012,GROVFO,522,2,0.001
2012,GROVFO,522,3,0.001
2012,GROVFO,522,4,0.001
2012,GROVFO,522,5,0.00105
2012,GROVFO,522,6,0.00125
2012,GROVFO,522,7,0.00125
2012,GROVFO,523,1,0.002
2012,GROVFO,523,2,0.002
2012,GROVFO,523,3,0.002
2012,GROVFO,523,4,0.002
2012,GROVFO,523,5,0.0025
2012,GROVFO,523,6,0.00308
2012,GROVFO,523,7,0.00308
2012,GROVFO,832,1,0.2
2012,GROVFO,832,2,0.2
2012,GROVFO,832,3,0.2
2012,GROVFO,832,4,0.2
2012,GROVFO,832,5,0.25
2012,GROVFO,832,6,0.3
2012,GROVFO,832,7,0.3
2012,GROVFO,841,1,0.02
2012,GROVFO,841,2,0.02
2012,GROVFO,841,3,0.02
2012,GROVFO,841,4,0.02
2012,GROVFO,841,5,0.02
2012,GROVFO,841,6,0.02
2012,GROVFO,841,7,0.02
2012,GROVFO,STOR,1,5
2012,GROVFO,STOR,2,5
2012,GROVFO,STOR,3,5
2012,GROVFO,STOR,4,5
2012,GROVFO,STOR,5,5.5
2012,GROVFO,STOR,6,6.5
2012,GROVFO,STOR,7,6.5
2012,GROVFO,HEST,1,12
2012,GROVFO,HEST,2,12
2012,GROVFO,HEST,3,12
2012,GROVFO,HEST,4,12
2012,GROVFO,HEST,5,13
2012,GROVFO,HEST,6,15
2012,GROVFO,HEST,7,15
2012,GROVFO,VSAU,1,1.9
2012,GROVFO,VSAU,2,1.9
2012,GROVFO,VSAU,3,1.9
2012,GROVFO,VSAU,4,1.9
2012,GROVFO,VSAU,5,2.2
2012,GROVFO,VSAU,6,2.5
2012,GROVFO,VSAU,7,2.5
2012,INMARK,120,1,7
2012,INMARK,120,2,7
2012,INMARK,120,3,7
2012,INMARK,120,4,7
2012,INMARK,120,5,7.5
2012,INMARK,120,6,9
2012,INMARK,120,7,9
2012,INMARK,121,1,7
2012,INMARK,121,2,7
2012,INMARK,121,3,7
2012,INMARK,121,4,7
2012,INMARK,121,5,7.5
2012,INMARK,121,6,9
2012,INMARK,121,7,9
2012,INMARK,140,1,2
2012,INMARK,140,2,2
2012,INMARK,140,3,2
2012,INMARK,140,4,2
2012,INMARK,140,5,2.5
2012,INMARK,140,6,3
2012,INMARK,140,7,3
2012,INMARK,142,1,2
2012,INMARK,142,2,2
2012,INMARK,142,3,2
2012,INMARK,142,4,2
2012,INMARK,142,5,2.5
2012,INMARK,142,6,3
2012,INMARK,142,7,3
2012,INMARK,181,1,2
2012,INMARK,181,2,2
2012,INMARK,181,3,2
2012,INMARK,181,4,2
2012,INMARK,181,5,2.5
2012,INMARK,181,6,3
2012,INMARK,181,7,3
2012,INMARK,192,1,3
2012,INMARK,192,2,3
2012,INMARK,192,3,3
2012,INMARK,192,4,3
2012,INMARK,192,5,4
2012,INMARK,192,6,5
2012,INMARK,192,7,5
2012,INMARK,193,1,5.5
2012,INMARK,193,2,5.5
2012,INMARK,193,3,5.5
2012,INMARK,193,4,5.5
2012,INMARK,193,5,6
2012,INMARK,193,6,7.5
2012,INMARK,193,7,7.5
2012,INMARK,196,1,3
2012,INMARK,196,2,3
2012,INMARK,196,3,3
2012,INMARK,196,4,3
2012,INMARK,196,5,4
2012,INMARK,196,6,5
2012,INMARK,196,7,5
2012,INMARK,197,1,3
2012,INMARK,197,2,3
2012,INMARK,197,3,3
2012,INMARK,197,4,3
2012,INMARK,197,5,4
2012,INMARK,197,6,5
2012,INMARK,197,7,5
2012,INMARK,STOR,1,3
2012,INMARK,STOR,2,3
2012,INMARK,STOR,3,3
2012,INMARK,STOR,4,3
2012,INMARK,STOR,5,4
2012,INMARK,STOR,6,5
2012,INMARK,STOR,7,5
2012,INMARK,HEST,1,5.5
2012,INMARK,HEST,2,5.5
2012,INMARK,HEST,3,5.5
2012,INMARK,HEST,4,5.5
2012,INMARK,HEST,5,6
2012,INMARK,HEST,6,7.5
2012,INMARK,HEST,7,7.5
2012,INMARK,VSAU,1,2.2
2012,INMARK,VSAU,2,2.2
2012,INMARK,VSAU,3,2.2
2012,INMARK,VSAU,4,2.2
2012,INMARK,VSAU,5,2.8
2012,INMARK,VSAU,6,3.3
2012,INMARK,VSAU,7,3.3
2013,GROVFO,120,1,14
2013,GROVFO,120,2,14
2013,GROVFO,120,3,14
2013,GROVFO,120,4,14
2013,GROVFO,120,5,15
2013,GROVFO,120,6,18
2013,GROVFO,120,7,18
2013,GROVFO,121,1,14
2013,GROVFO,121,2,14
2013,GROVFO,121,3,14
2013,GROVFO,121,4,14
2013,GROVFO,121,5,15
2013,GROVFO,121,6,18
2013,GROVFO,121,7,18
2013,GROVFO,140,1,1.75
2013,GROVFO,140,2,1.75
2013,GROVFO,140,3,1.75
2013,GROVFO,140,4,1.75
2013,GROVFO,140,5,2
2013,GROVFO,140,6,2.25
2013,GROVFO,140,7,2.25
2013,GROVFO,142,1,1.75
2013,GROVFO,142,2,1.75
2013,GROVFO,142,3,1.75
2013,GROVFO,142,4,1.75
2013,GROVFO,142,5,2
2013,GROVFO,142,6,2.25
2013,GROVFO,142,7,2.25
2013,GROVFO,155,1,0.75
2013,GROVFO,155,2,0.75
2013,GROVFO,155,3,0.75
2013,GROVFO,155,4,0.75
2013,GROVFO,155,5,1
2013,GROVFO,155,6,1.25
2013,GROVFO,155,7,1.25
2013,GROVFO,180,1,0.75
2013,GROVFO,180,2,0.75
2013,GROVFO,180,3,0.75
2013,GROVFO,180,4,0.75
2013,GROVFO,180,5,1
2013,GROVFO,180,6,1.25
2013,GROVFO,180,7,1.25
2013,GROVFO,181,1,5
2013,GROVFO,181,2,5
2013,GROVFO,181,3,5
2013,GROVFO,181,4,5
2013,GROVFO,181,5,5.5
2013,GROVFO,181,6,6.5
2013,GROVFO,181,7,6.5
2013,GROVFO,183,1,0.75
2013,GROVFO,183,2,0.75
2013,GROVFO,183,3,0.75
2013,GROVFO,183,4,0.75
2013,GROVFO,183,5,1
2013,GROVFO,183,6,1.25
2013,GROVFO,183,7,1.25
2013,GROVFO,192,1,5
2013,GROVFO,192,2,5
2013,GROVFO,192,3,5
2013,GROVFO,192,4,5
2013,GROVFO,192,5,5.5
2013,GROVFO,192,6,6.5
2013,GROVFO,192,7,6.5
2013,GROVFO,193,1,5
2013,GROVFO,193,2,5
2013,GROVFO,193,3,5
2013,GROVFO,193,4,5
2013,GROVFO,193,5,5.5
2013,GROVFO,193,6,6.5
2013,GROVFO,193,7,6.5
2013,GROVFO,196,1,5
2013,GROVFO,196,2,5
2013,GROVFO,196,3,5
2013,GROVFO,196,4,5
2013,GROVFO,196,5,5.5
2013,GROVFO,196,6,6.5
2013,GROVFO,196,7,6.5
2013,GROVFO,197,1,5
2013,GROVFO,197,2,5
2013,GROVFO,197,3,5
2013,GROVFO,197,4,5
2013,GROVFO,197,5,5.5
2013,GROVFO,197,6,6.5
2013,GROVFO,197,7,6.5
2013,GROVFO,521,1,0.0025
2013,GROVFO,521,2,0.0025
2013,GROVFO,521,3,0.0025
2013,GROVFO,521,4,0.0025
2013,GROVFO,521,5,0.00308
2013,GROVFO,521,6,0.00364
2013,GROVFO,521,7,0.00364
2013,GROVFO,522,1,0.001
2013,GROVFO,522,2,0.001
2013,GROVFO,522,3,0.001
2013,GROVFO,522,4,0.001
2013,GROVFO,522,5,0.00105
2013,GROVFO,522,6,0.00125
2013,GROVFO,522,7,0.00125
2013,GROVFO,523,1,0.002
2013,GROVFO,523,2,0.002
2013,GROVFO,523,3,0.002
2013,GROVFO,523,4,0.002
2013,GROVFO,523,5,0.0025
2013,GROVFO,523,6,0.00308
2013,GROVFO,523,7,0.00308
2013,GROVFO,832,1,0.2
2013,GROVFO,832,2,0.2
2013,GROVFO,832,3,0.2
2013,GROVFO,832,4,0.2
2013,GROVFO,832,5,0.25
2013,GROVFO,832,6,0.3
2013,GROVFO,832,7,0.3
2013,GROVFO,841,1,0.02
2013,GROVFO,841,2,0.02
2013,GROVFO,841,3,0.02
2013,GROVFO,841,4,0.02
2013,GROVFO,841,5,0.02
2013,GROVFO,841,6,0.02
2013,GROVFO,841,7,0.02
2013,GROVFO,STOR,1,5
2013,GROVFO,STOR,2,5
2013,GROVFO,STOR,3,5
2013,GROVFO,STOR,4,5
2013,GROVFO,STOR,5,5.5
2013,GROVFO,STOR,6,6.5
2013,GROVFO,STOR,7,6.5
2013,GROVFO,HEST,1,12
2013,GROVFO,HEST,2,12
2013,GROVFO,HEST,3,12
2013,GROVFO,HEST,4,12
2013,GROVFO,HEST,5,13
2013,GROVFO,HEST,6,15
2013,GROVFO,HEST,7,15
2013,GROVFO,VSAU,1,1.9
2013,GROVFO,VSAU,2,1.9
2013,GROVFO,VSAU,3,1.9
2013,GROVFO,VSAU,4,1.9
2013,GROVFO,VSAU,5,2.2
2013,GROVFO,VSAU,6,2.5
2013,GROVFO,VSAU,7,2.5
2013,INMARK,120,1,7
2013,INMARK,120,2,7
2013,INMARK,120,3,7
2013,INMARK,120,4,7
2013,INMARK,120,5,7.5
2013,INMARK,120,6,9
2013,INMARK,120,7,9
2013,INMARK,121,1,7
2013,INMARK,121,2,7
2013,INMARK,121,3,7
2013,INMARK,121,4,7
2013,INMARK,121,5,7.5
2013,INMARK,121,6,9
2013,INMARK,121,7,9
2013,INMARK,140,1,2
2013,INMARK,140,2,2
2013,INMARK,140,3,2
2013,INMARK,140,4,2
2013,INMARK,140,5,2.5
2013,INMARK,140,6,3
2013,INMARK,140,7,3
2013,INMARK,142,1,2
2013,INMARK,142,2,2
2013,INMARK,142,3,2
2013,INMARK,142,4,2
2013,INMARK,142,5,2.5
2013,INMARK,142,6,3
2013,INMARK,142,7,3
2013,INMARK,181,1,2
2013,INMARK,181,2,2
2013,INMARK,181,3,2
2013,INMARK,181,4,2
2013,INMARK,181,5,2.5
2013,INMARK,181,6,3
2013,INMARK,181,7,3
2013,INMARK,192,1,3
2013,INMARK,192,2,3
2013,INMARK,192,3,3
2013,INMARK,192,4,3
2013,INMARK,192,5,4
2013,INMARK,192,6,5
2013,INMARK,192,7,5
2013,INMARK,193,1,5.5
2013,INMARK,193,2,5.5
2013,INMARK,193,3,5.5
2013,INMARK,193,4,5.5
2013,INMARK,193,5,6
2013,INMARK,193,6,7.5
2013,INMARK,193,7,7.5
2013,INMARK,196,1,3
2013,INMARK,196,2,3
2013,INMARK,196,3,3
2013,INMARK,196,4,3
2013,INMARK,196,5,4
2013,INMARK,196,6,5
2013,INMARK,196,7,5
2013,INMARK,197,1,3
2013,INMARK,197,2,3
2013,INMARK,197,3,3
2013,INMARK,197,4,3
2013,INMARK,197,5,4
2013,INMARK,197,6,5
2013,INMARK,197,7,5
2013,INMARK,STOR,1,3
2013,INMARK,STOR,2,3
2013,INMARK,STOR,3,3
2013,INMARK,STOR,4,3
2013,INMARK,STOR,5,4
2013,INMARK,STOR,6,5
2013,INMARK,STOR,7,5
2013,INMARK,HEST,1,5.5
2013,INMARK,HEST,2,5.5
2013,INMARK,HEST,3,5.5
2013,INMARK,HEST,4,5.5
2013,INMARK,HEST,5,6
2013,INMARK,HEST,6,7.5
2013,INMARK,HEST,7,7.5
2013,INMARK,VSAU,1,2.2
2013,INMARK,VSAU,2,2.2
2013,INMARK,VSAU,3,2.2
2013,INMARK,VSAU,4,2.2
2013,INMARK,VSAU,5,2.8
2013,INMARK,VSAU,6,3.3
2013,INMARK,VSAU,7,3.3
2014,GROVFO,120,1,14
2014,GROVFO,120,2,14
2014,GROVFO,120,3,14
2014,GROVFO,120,4,14
2014,GROVFO,120,5,15
2014,GROVFO,120,6,18
2014,GROVFO,120,7,18
2014,GROVFO,121,1,14
2014,GROVFO,121,2,14
2014,GROVFO,121,3,14
2014,GROVFO,121,4,14
2014,GROVFO,121,5,15
2014,GROVFO,121,6,18
2014,GROVFO,121,7,18
2014,GROVFO,140,1,1.75
2014,GROVFO,140,2,1.75
2014,GROVFO,140,3,1.75
2014,GROVFO,140,4,1.75
2014,GROVFO,140,5,2
2014,GROVFO,140,6,2.25
2014,GROVFO,140,7,2.25
2014,GROVFO,142,1,1.75
2014,GROVFO,142,2,1.75
2014,GROVFO,142,3,1.75
2014,GROVFO,142,4,1.75
2014,GROVFO,142,5,2
2014,GROVFO,142,6,2.25
2014,GROVFO,142,7,2.25
2014,GROVFO,155,1,0.75
2014,GROVFO,155,2,0.75
2014,GROVFO,155,3,0.75
2014,GROVFO,155,4,0.75
2014,GROVFO,155,5,1
2014,GROVFO,155,6,1.25
2014,GROVFO,155,7,1.25
2014,GROVFO,180,1,0.75
2014,GROVFO,180,2,0.75
2014,GROVFO,180,3,0.75
2014,GROVFO,180,4,0.75
2014,GROVFO,180,5,1
2014,GROVFO,180,6,1.25
2014,GROVFO,180,7,1.25
2014,GROVFO,181,1,5
2014,GROVFO,181,2,5
2014,GROVFO,181,3,5
2014,GROVFO,181,4,5
2014,GROVFO,181,5,5.5
2014,GROVFO,181,6,6.5
2014,GROVFO,181,7,6.5
2014,GROVFO,183,1,0.75
2014,GROVFO,183,2,0.75
2014,GROVFO,183,3,0.75
2014,GROVFO,183,4,0.75
2014,GROVFO,183,5,1
2014,GROVFO,183,6,1.25
2014,GROVFO,183,7,1.25
2014,GROVFO,192,1,5
2014,GROVFO,192,2,5
2014,GROVFO,192,3,5
2014,GROVFO,192,4,5
2014,GROVFO,192,5,5.5
2014,GROVFO,192,6,6.5
2014,GROVFO,192,7,6.5
2014,GROVFO,193,1,5
2014,GROVFO,193,2,5
2014,GROVFO,193,3,5
2014,GROVFO,193,4,5
2014,GROVFO,193,5,5.5
2014,GROVFO,193,6,6.5
2014,GROVFO,193,7,6.5
2014,GROVFO,196,1,5
2014,GROVFO,196,2,5
2014,GROVFO,196,3,5
2014,GROVFO,196,4,5
2014,GROVFO,196,5,5.5
2014,GROVFO,196,6,6.5
2014,GROVFO,196,7,6.5
2014,GROVFO,197,1,5
2014,GROVFO,197,2,5
2014,GROVFO,197,3,5
2014,GROVFO,197,4,5
2014,GROVFO,197,5,5.5
2014,GROVFO,197,6,6.5
2014,GROVFO,197,7,6.5
2014,GROVFO,521,1,0.0025
2014,GROVFO,521,2,0.0025
2014,GROVFO,521,3,0.0025
2014,GROVFO,521,4,0.0025
2014,GROVFO,521,5,0.00308
2014,GROVFO,521,6,0.00364
2014,GROVFO,521,7,0.00364
2014,GROVFO,522,1,0.001
2014,GROVFO,522,2,0.001
2014,GROVFO,522,3,0.001
2014,GROVFO,522,4,0.001
2014,GROVFO,522,5,0.00105
2014,GROVFO,522,6,0.00125
2014,GROVFO,522,7,0.00125
2014,GROVFO,523,1,0.002
2014,GROVFO,523,2,0.002
2014,GROVFO,523,3,0.002
2014,GROVFO,523,4,0.002
2014,GROVFO,523,5,0.0025
2014,GROVFO,523,6,0.00308
2014,GROVFO,523,7,0.00308
2014,GROVFO,832,1,0.2
2014,GROVFO,832,2,0.2
2014,GROVFO,832,3,0.2
2014,GROVFO,832,4,0.2
2014,GROVFO,832,5,0.25
2014,GROVFO,832,6,0.3
2014,GROVFO,832,7,0.3
2014,GROVFO,841,1,0.02
2014,GROVFO,841,2,0.02
2014,GROVFO,841,3,0.02
2014,GROVFO,841,4,0.02
2014,GROVFO,841,5,0.02
2014,GROVFO,841,6,0.02
2014,GROVFO,841,7,0.02
2014,GROVFO,STOR,1,5
2014,GROVFO,STOR,2,5
2014,GROVFO,STOR,3,5
2014,GROVFO,STOR,4,5
2014,GROVFO,STOR,5,5.5
2014,GROVFO,STOR,6,6.5
2014,GROVFO,STOR,7,6.5
2014,GROVFO,HEST,1,12
2014,GROVFO,HEST,2,12
2014,GROVFO,HEST,3,12
2014,GROVFO,HEST,4,12
2014,GROVFO,HEST,5,13
2014,GROVFO,HEST,6,15
2014,GROVFO,HEST,7,15
2014,GROVFO,VSAU,1,1.9
2014,GROVFO,VSAU,2,1.9
2014,GROVFO,VSAU,3,1.9
2014,GROVFO,VSAU,4,1.9
2014,GROVFO,VSAU,5,2.2
2014,GROVFO,VSAU,6,2.5
2014,GROVFO,VSAU,7,2.5
2014,INMARK,120,1,7
2014,INMARK,120,2,7
2014,INMARK,120,3,7
2014,INMARK,120,4,7
2014,INMARK,120,5,7.5
2014,INMARK,120,6,9
2014,INMARK,120,7,9
2014,INMARK,121,1,7
2014,INMARK,121,2,7
2014,INMARK,121,3,7
2014,INMARK,121,4,7
2014,INMARK,121,5,7.5
2014,INMARK,121,6,9
2014,INMARK,121,7,9
2014,INMARK,140,1,2
2014,INMARK,140,2,2
2014,INMARK,140,3,2
2014,INMARK,140,4,2
2014,INMARK,140,5,2.5
2014,INMARK,140,6,3
2014,INMARK,140,7,3
2014,INMARK,142,1,2
2014,INMARK,142,2,2
2014,INMARK,142,3,2
2014,INMARK,142,4,2
2014,INMARK,142,5,2.5
2014,INMARK,142,6,3
2014,INMARK,142,7,3
2014,INMARK,181,1,2
2014,INMARK,181,2,2
2014,INMARK,181,3,2
2014,INMARK,181,4,2
2014,INMARK,181,5,2.5
2014,INMARK,181,6,3
2014,INMARK,181,7,3
2014,INMARK,192,1,3
2014,INMARK,192,2,3
2014,INMARK,192,3,3
2014,INMARK,192,4,3
2014,INMARK,192,5,4
2014,INMARK,192,6,5
2014,INMARK,192,7,5
2014,INMARK,193,1,5.5
2014,INMARK,193,2,5.5
2014,INMARK,193,3,5.5
2014,INMARK,193,4,5.5
2014,INMARK,193,5,6
2014,INMARK,193,6,7.5
2014,INMARK,193,7,7.5
2014,INMARK,196,1,3
2014,INMARK,196,2,3
2014,INMARK,196,3,3
2014,INMARK,196,4,3
2014,INMARK,196,5,4
2014,INMARK,196,6,5
2014,INMARK,196,7,5
2014,INMARK,197,1,3
2014,INMARK,197,2,3
2014,INMARK,197,3,3
2014,INMARK,197,4,3
2014,INMARK,197,5,4
2014,INMARK,197,6,5
2014,INMARK,197,7,5
2014,INMARK,STOR,1,3
2014,INMARK,STOR,2,3
2014,INMARK,STOR,3,3
2014,INMARK,STOR,4,3
2014,INMARK,STOR,5,4
2014,INMARK,STOR,6,5
2014,INMARK,STOR,7,5
2014,INMARK,HEST,1,5.5
2014,INMARK,HEST,2,5.5
2014,INMARK,HEST,3,5.5
2014,INMARK,HEST,4,5.5
2014,INMARK,HEST,5,6
2014,INMARK,HEST,6,7.5
2014,INMARK,HEST,7,7.5
2014,INMARK,VSAU,1,2.2
2014,INMARK,VSAU,2,2.2
2014,INMARK,VSAU,3,2.2
2014,INMARK,VSAU,4,2.2
2014,INMARK,VSAU,5,2.8
2014,INMARK,VSAU,6,3.3
2014,INMARK,VSAU,7,3.3
2015,GROVFO,120,1,14
2015,GROVFO,120,2,14
2015,GROVFO,120,3,14
2015,GROVFO,120,4,14
2015,GROVFO,120,5,15
2015,GROVFO,120,6,18
2015,GROVFO,120,7,18
2015,GROVFO,121,1,14
2015,GROVFO,121,2,14
2015,GROVFO,121,3,14
2015,GROVFO,121,4,14
2015,GROVFO,121,5,15
2015,GROVFO,121,6,18
2015,GROVFO,121,7,18
2015,GROVFO,140,1,1.75
2015,GROVFO,140,2,1.75
2015,GROVFO,140,3,1.75
2015,GROVFO,140,4,1.75
2015,GROVFO,140,5,2
2015,GROVFO,140,6,2.25
2015,GROVFO,140,7,2.25
2015,GROVFO,142,1,1.75
2015,GROVFO,142,2,1.75
2015,GROVFO,142,3,1.75
2015,GROVFO,142,4,1.75
2015,GROVFO,142,5,2
2015,GROVFO,142,6,2.25
2015,GROVFO,142,7,2.25
2015,GROVFO,155,1,0.75
2015,GROVFO,155,2,0.75
2015,GROVFO,155,3,0.75
2015,GROVFO,155,4,0.75
2015,GROVFO,155,5,1
2015,GROVFO,155,6,1.25
2015,GROVFO,155,7,1.25
2015,GROVFO,180,1,0.75
2015,GROVFO,180,2,0.75
2015,GROVFO,180,3,0.75
2015,GROVFO,180,4,0.75
2015,GROVFO,180,5,1
2015,GROVFO,180,6,1.25
2015,GROVFO,180,7,1.25
2015,GROVFO,181,1,5
2015,GROVFO,181,2,5
2015,GROVFO,181,3,5
2015,GROVFO,181,4,5
2015,GROVFO,181,5,5.5
2015,GROVFO,181,6,6.5
2015,GROVFO,181,7,6.5
2015,GROVFO,183,1,0.75
2015,GROVFO,183,2,0.75
2015,GROVFO,183,3,0.75
2015,GROVFO,183,4,0.75
2015,GROVFO,183,5,1
2015,GROVFO,183,6,1.25
2015,GROVFO,183,7,1.25
2015,GROVFO,192,1,5
2015,GROVFO,192,2,5
2015,GROVFO,192,3,5
2015,GROVFO,192,4,5
2015,GROVFO,192,5,5.5
2015,GROVFO,192,6,6.5
2015,GROVFO,192,7,6.5
2015,GROVFO,193,1,5
2015,GROVFO,193,2,5
2015,GROVFO,193,3,5
2015,GROVFO,193,4,5
2015,GROVFO,193,5,5.5
2015,GROVFO,193,6,6.5
2015,GROVFO,193,7,6.5
2015,GROVFO,196,1,5
2015,GROVFO,196,2,5
2015,GROVFO,196,3,5
2015,GROVFO,196,4,5
2015,GROVFO,196,5,5.5
2015,GROVFO,196,6,6.5
2015,GROVFO,196,7,6.5
2015,GROVFO,197,1,5
2015,GROVFO,197,2,5
2015,GROVFO,197,3,5
2015,GROVFO,197,4,5
2015,GROVFO,197,5,5.5
2015,GROVFO,197,6,6.5
2015,GROVFO,197,7,6.5
2015,GROVFO,521,1,0.0025
2015,GROVFO,521,2,0.0025
2015,GROVFO,521,3,0.0025
2015,GROVFO,521,4,0.0025
2015,GROVFO,521,5,0.00308
2015,GROVFO,521,6,0.00364
2015,GROVFO,521,7,0.00364
2015,GROVFO,522,1,0.001
2015,GROVFO,522,2,0.001
2015,GROVFO,522,3,0.001
2015,GROVFO,522,4,0.001
2015,GROVFO,522,5,0.00105
2015,GROVFO,522,6,0.00125
2015,GROVFO,522,7,0.00125
2015,GROVFO,523,1,0.002
2015,GROVFO,523,2,0.002
2015,GROVFO,523,3,0.002
2015,GROVFO,523,4,0.002
2015,GROVFO,523,5,0.0025
2015,GROVFO,523,6,0.00308
2015,GROVFO,523,7,0.00308
2015,GROVFO,832,1,0.2
2015,GROVFO,832,2,0.2
2015,GROVFO,832,3,0.2
2015,GROVFO,832,4,0.2
2015,GROVFO,832,5,0.25
2015,GROVFO,832,6,0.3
2015,GROVFO,832,7,0.3
2015,GROVFO,841,1,0.02
2015,GROVFO,841,2,0.02
2015,GROVFO,841,3,0.02
2015,GROVFO,841,4,0.02
2015,GROVFO,841,5,0.02
2015,GROVFO,841,6,0.02
2015,GROVFO,841,7,0.02
2015,GROVFO,STOR,1,5
2015,GROVFO,STOR,2,5
2015,GROVFO,STOR,3,5
2015,GROVFO,STOR,4,5
2015,GROVFO,STOR,5,5.5
2015,GROVFO,STOR,6,6.5
2015,GROVFO,STOR,7,6.5
2015,GROVFO,HEST,1,12
2015,GROVFO,HEST,2,12
2015,GROVFO,HEST,3,12
2015,GROVFO,HEST,4,12
2015,GROVFO,HEST,5,13
2015,GROVFO,HEST,6,15
2015,GROVFO,HEST,7,15
2015,GROVFO,VSAU,1,1.9
2015,GROVFO,VSAU,2,1.9
2015,GROVFO,VSAU,3,1.9
2015,GROVFO,VSAU,4,1.9
2015,GROVFO,VSAU,5,2.2
2015,GROVFO,VSAU,6,2.5
2015,GROVFO,VSAU,7,2.5
2015,INMARK,120,1,7
2015,INMARK,120,2,7
2015,INMARK,120,3,7
2015,INMARK,120,4,7
2015,INMARK,120,5,7.5
2015,INMARK,120,6,9
2015,INMARK,120,7,9
2015,INMARK,121,1,7
2015,INMARK,121,2,7
2015,INMARK,121,3,7
2015,INMARK,121,4,7
2015,INMARK,121,5,7.5
2015,INMARK,121,6,9
2015,INMARK,121,7,9
2015,INMARK,140,1,2
2015,INMARK,140,2,2
2015,INMARK,140,3,2
2015,INMARK,140,4,2
2015,INMARK,140,5,2.5
2015,INMARK,140,6,3
2015,INMARK,140,7,3
2015,INMARK,142,1,2
2015,INMARK,142,2,2
2015,INMARK,142,3,2
2015,INMARK,142,4,2
2015,INMARK,142,5,2.5
2015,INMARK,142,6,3
2015,INMARK,142,7,3
2015,INMARK,181,1,2
2015,INMARK,181,2,2
2015,INMARK,181,3,2
2015,INMARK,181,4,2
2015,INMARK,181,5,2.5
2015,INMARK,181,6,3
2015,INMARK,181,7,3
2015,INMARK,192,1,3
2015,INMARK,192,2,3
2015,INMARK,192,3,3
2015,INMARK,192,4,3
2015,INMARK,192,5,4
2015,INMARK,192,6,5
2015,INMARK,192,7,5
2015,INMARK,193,1,5.5
2015,INMARK,193,2,5.5
2015,INMARK,193,3,5.5
2015,INMARK,193,4,5.5
2015,INMARK,193,5,6
2015,INMARK,193,6,7.5
2015,INMARK,193,7,7.5
2015,INMARK,196,1,3
2015,INMARK,196,2,3
2015,INMARK,196,3,3
2015,INMARK,196,4,3
2015,INMARK,196,5,4
2015,INMARK,196,6,5
2015,INMARK,196,7,5
2015,INMARK,197,1,3
2015,INMARK,197,2,3
2015,INMARK,197,3,3
2015,INMARK,197,4,3
2015,INMARK,197,5,4
2015,INMARK,197,6,5
2015,INMARK,197,7,5
2015,INMARK,STOR,1,3
2015,INMARK,STOR,2,3
2015,INMARK,STOR,3,3
2015,INMARK,STOR,4,3
2015,INMARK,STOR,5,4
2015,INMARK,STOR,6,5
2015,INMARK,STOR,7,5
2015,INMARK,HEST,1,5.5
2015,INMARK,HEST,2,5.5
2015,INMARK,HEST,3,5.5
2015,INMARK,HEST,4,5.5
2015,INMARK,HEST,5,6
2015,INMARK,HEST,6,7.5
2015,INMARK,HEST,7,7.5
2015,INMARK,VSAU,1,2.2
2015,INMARK,VSAU,2,2.2
2015,INMARK,VSAU,3,2.2
2015,INMARK,VSAU,4,2.2
2015,INMARK,VSAU,5,2.8
2015,INMARK,VSAU,6,3.3
2015,INMARK,VSAU,7,3.3
2016,GROVFO,120,1,14
2016,GROVFO,120,2,14
2016,GROVFO,120,3,14
2016,GROVFO,120,4,14
2016,GROVFO,120,5,15
2016,GROVFO,120,6,18
2016,GROVFO,120,7,18
2016,GROVFO,121,1,14
2016,GROVFO,121,2,14
2016,GROVFO,121,3,14
2016,GROVFO,121,4,14
2016,GROVFO,121,5,15
2016,GROVFO,121,6,18
2016,GROVFO,121,7,18
2016,GROVFO,140,1,1.75
2016,GROVFO,140,2,1.75
2016,GROVFO,140,3,1.75
2016,GROVFO,140,4,1.75
2016,GROVFO,140,5,2
2016,GROVFO,140,6,2.25
2016,GROVFO,140,7,2.25
2016,GROVFO,142,1,1.75
2016,GROVFO,142,2,1.75
2016,GROVFO,142,3,1.75
2016,GROVFO,142,4,1.75
2016,GROVFO,142,5,2
2016,GROVFO,142,6,2.25
2016,GROVFO,142,7,2.25
2016,GROVFO,155,1,0.75
2016,GROVFO,155,2,0.75
2016,GROVFO,155,3,0.75
2016,GROVFO,155,4,0.75
2016,GROVFO,155,5,1
2016,GROVFO,155,6,1.25
2016,GROVFO,155,7,1.25
2016,GROVFO,180,1,0.75
2016,GROVFO,180,2,0.75
2016,GROVFO,180,3,0.75
2016,GROVFO,180,4,0.75
2016,GROVFO,180,5,1
2016,GROVFO,180,6,1.25
2016,GROVFO,180,7,1.25
2016,GROVFO,181,1,5
2016,GROVFO,181,2,5
2016,GROVFO,181,3,5
2016,GROVFO,181,4,5
2016,GROVFO,181,5,5.5
2016,GROVFO,181,6,6.5
2016,GROVFO,181,7,6.5
2016,GROVFO,183,1,0.75
2016,GROVFO,183,2,0.75
2016,GROVFO,183,3,0.75
2016,GROVFO,183,4,0.75
2016,GROVFO,183,5,1
2016,GROVFO,183,6,1.25
2016,GROVFO,183,7,1.25
2016,GROVFO,192,1,5
2016,GROVFO,192,2,5
2016,GROVFO,192,3,5
2016,GROVFO,192,4,5
2016,GROVFO,192,5,5.5
2016,GROVFO,192,6,6.5
2016,GROVFO,192,7,6.5
2016,GROVFO,193,1,5
2016,GROVFO,193,2,5
2016,GROVFO,193,3,5
2016,GROVFO,193,4,5
2016,GROVFO,193,5,5.5
2016,GROVFO,193,6,6.5
2016,GROVFO,193,7,6.5
2016,GROVFO,196,1,5
2016,GROVFO,196,2,5
2016,GROVFO,196,3,5
2016,GROVFO,196,4,5
2016,GROVFO,196,5,5.5
2016,GROVFO,196,6,6.5
2016,GROVFO,196,7,6.5
2016,GROVFO,197,1,5
2016,GROVFO,197,2,5
2016,GROVFO,197,3,5
2016,GROVFO,197,4,5
2016,GROVFO,197,5,5.5
2016,GROVFO,197,6,6.5
2016,GROVFO,197,7,6.5
2016,GROVFO,521,1,0.0025
2016,GROVFO,521,2,0.0025
2016,GROVFO,521,3,0.0025
2016,GROVFO,521,4,0.0025
2016,GROVFO,521,5,0.00308
2016,GROVFO,521,6,0.00364
2016,GROVFO,521,7,0.00364
2016,GROVFO,522,1,0.001
2016,GROVFO,522,2,0.001
2016,GROVFO,522,3,0.001
2016,GROVFO,522,4,0.001
2016,GROVFO,522,5,0.00105
2016,GROVFO,522,6,0.00125
2016,GROVFO,522,7,0.00125
2016,GROVFO,523,1,0.002
2016,GROVFO,523,2,0.002
2016,GROVFO,523,3,0.002
2016,GROVFO,523,4,0.002
2016,GROVFO,523,5,0.0025
2016,GROVFO,523,6,0.00308
2016,GROVFO,523,7,0.00308
2016,GROVFO,832,1,0.2
2016,GROVFO,832,2,0.2
2016,GROVFO,832,3,0.2
2016,GROVFO,832,4,0.2
2016,GROVFO,832,5,0.25
2016,GROVFO,832,6,0.3
2016,GROVFO,832,7,0.3
2016,GROVFO,841,1,0.02
2016,GROVFO,841,2,0.02
2016,GROVFO,841,3,0.02
2016,GROVFO,841,4,0.02
2016,GROVFO,841,5,0.02
2016,GROVFO,841,6,0.02
2016,GROVFO,841,7,0.02
2016,GROVFO,STOR,1,5
2016,GROVFO,STOR,2,5
2016,GROVFO,STOR,3,5
2016,GROVFO,STOR,4,5
2016,GROVFO,STOR,5,5.5
2016,GROVFO,STOR,6,6.5
2016,GROVFO,STOR,7,6.5
2016,GROVFO,HEST,1,12
2016,GROVFO,HEST,2,12
2016,GROVFO,HEST,3,12
2016,GROVFO,HEST,4,12
2016,GROVFO,HEST,5,13
2016,GROVFO,HEST,6,15
2016,GROVFO,HEST,7,15
2016,GROVFO,VSAU,1,1.9
2016,GROVFO,VSAU,2,1.9
2016,GROVFO,VSAU,3,1.9
2016,GROVFO,VSAU,4,1.9
2016,GROVFO,VSAU,5,2.2
2016,GROVFO,VSAU,6,2.5
2016,GROVFO,VSAU,7,2.5
2016,INMARK,120,1,7
2016,INMARK,120,2,7
2016,INMARK,120,3,7
2016,INMARK,120,4,7
2016,INMARK,120,5,7.5
2016,INMARK,120,6,9
2016,INMARK,120,7,9
2016,INMARK,121,1,7
2016,INMARK,121,2,7
2016,INMARK,121,3,7
2016,INMARK,121,4,7
2016,INMARK,121,5,7.5
2016,INMARK,121,6,9
2016,INMARK,121,7,9
2016,INMARK,140,1,2
2016,INMARK,140,2,2
2016,INMARK,140,3,2
2016,INMARK,140,4,2
2016,INMARK,140,5,2.5
2016,INMARK,140,6,3
2016,INMARK,140,7,3
2016,INMARK,142,1,2
2016,INMARK,142,2,2
2016,INMARK,142,3,2
2016,INMARK,142,4,2
2016,INMARK,142,5,2.5
2016,INMARK,142,6,3
2016,INMARK,142,7,3
2016,INMARK,181,1,2
2016,INMARK,181,2,2
2016,INMARK,181,3,2
2016,INMARK,181,4,2
2016,INMARK,181,5,2.5
2016,INMARK,181,6,3
2016,INMARK,181,7,3
2016,INMARK,192,1,3
2016,INMARK,192,2,3
2016,INMARK,192,3,3
2016,INMARK,192,4,3
2016,INMARK,192,5,4
2016,INMARK,192,6,5
2016,INMARK,192,7,5
2016,INMARK,193,1,5.5
2016,INMARK,193,2,5.5
2016,INMARK,193,3,5.5
2016,INMARK,193,4,5.5
2016,INMARK,193,5,6
2016,INMARK,193,6,7.5
2016,INMARK,193,7,7.5
2016,INMARK,196,1,3
2016,INMARK,196,2,3
2016,INMARK,196,3,3
2016,INMARK,196,4,3
2016,INMARK,196,5,4
2016,INMARK,196,6,5
2016,INMARK,196,7,5
2016,INMARK,197,1,3
2016,INMARK,197,2,3
2016,INMARK,197,3,3
2016,INMARK,197,4,3
2016,INMARK,197,5,4
2016,INMARK,197,6,5
2016,INMARK,197,7,5
2016,INMARK,STOR,1,3
2016,INMARK,STOR,2,3
2016,INMARK,STOR,3,3
2016,INMARK,STOR,4,3
2016,INMARK,STOR,5,4
2016,INMARK,STOR,6,5
2016,INMARK,STOR,7,5
2016,INMARK,HEST,1,5.5
2016,INMARK,HEST,2,5.5
2016,INMARK,HEST,3,5.5
2016,INMARK,HEST,4,5.5
2016,INMARK,HEST,5,6
2016,INMARK,HEST,6,7.5
2016,INMARK,HEST,7,7.5
2016,INMARK,VSAU,1,2.2
2016,INMARK,VSAU,2,2.2
2016,INMARK,VSAU,3,2.2
2016,INMARK,VSAU,4,2.2
2016,INMARK,VSAU,5,2.8
2016,INMARK,VSAU,6,3.3
2016,INMARK,VSAU,7,3.3
2017,GROVFO,120,1,14
2017,GROVFO,120,2,14
2017,GROVFO,120,3,14
2017,GROVFO,120,4,14
2017,GROVFO,120,5,15
2017,GROVFO,120,6,18
2017,GROVFO,120,7,18
2017,GROVFO,121,1,14
2017,GROVFO,121,2,14
2017,GROVFO,121,3,14
2017,GROVFO,121,4,14
2017,GROVFO,121,5,15
2017,GROVFO,121,6,18
2017,GROVFO,121,7,18
2017,GROVFO,140,1,1.75
2017,GROVFO,140,2,1.75
2017,GROVFO,140,3,1.75
2017,GROVFO,140,4,1.75
2017,GROVFO,140,5,2
2017,GROVFO,140,6,2.25
2017,GROVFO,140,7,2.25
2017,GROVFO,142,1,1.75
2017,GROVFO,142,2,1.75
2017,GROVFO,142,3,1.75
2017,GROVFO,142,4,1.75
2017,GROVFO,142,5,2
2017,GROVFO,142,6,2.25
2017,GROVFO,142,7,2.25
2017,GROVFO,155,1,0.75
2017,GROVFO,155,2,0.75
2017,GROVFO,155,3,0.75
2017,GROVFO,155,4,0.75
2017,GROVFO,155,5,1
2017,GROVFO,155,6,1.25
2017,GROVFO,155,7,1.25
2017,GROVFO,180,1,0.75
2017,GROVFO,180,2,0.75
2017,GROVFO,180,3,0.75
2017,GROVFO,180,4,0.75
2017,GROVFO,180,5,1
2017,GROVFO,180,6,1.25
2017,GROVFO,180,7,1.25
2017,GROVFO,181,1,5
2017,GROVFO,181,2,5
2017,GROVFO,181,3,5
2017,GROVFO,181,4,5
2017,GROVFO,181,5,5.5
2017,GROVFO,181,6,6.5
2017,GROVFO,181,7,6.5
2017,GROVFO,183,1,0.75
2017,GROVFO,183,2,0.75
2017,GROVFO,183,3,0.75
2017,GROVFO,183,4,0.75
2017,GROVFO,183,5,1
2017,GROVFO,183,6,1.25
2017,GROVFO,183,7,1.25
2017,GROVFO,192,1,5
2017,GROVFO,192,2,5
2017,GROVFO,192,3,5
2017,GROVFO,192,4,5
2017,GROVFO,192,5,5.5
2017,GROVFO,192,6,6.5
2017,GROVFO,192,7,6.5
2017,GROVFO,193,1,5
2017,GROVFO,193,2,5
2017,GROVFO,193,3,5
2017,GROVFO,193,4,5
2017,GROVFO,193,5,5.5
2017,GROVFO,193,6,6.5
2017,GROVFO,193,7,6.5
2017,GROVFO,196,1,5
2017,GROVFO,196,2,5
2017,GROVFO,196,3,5
2017,GROVFO,196,4,5
2017,GROVFO,196,5,5.5
2017,GROVFO,196,6,6.5
2017,GROVFO,196,7,6.5
2017,GROVFO,197,1,5
2017,GROVFO,197,2,5
2017,GROVFO,197,3,5
2017,GROVFO,197,4,5
2017,GROVFO,197,5,5.5
2017,GROVFO,197,6,6.5
2017,GROVFO,197,7,6.5
2017,GROVFO,521,1,0.0025
2017,GROVFO,521,2,0.0025
2017,GROVFO,521,3,0.0025
2017,GROVFO,521,4,0.0025
2017,GROVFO,521,5,0.00308
2017,GROVFO,521,6,0.00364
2017,GROVFO,521,7,0.00364
2017,GROVFO,522,1,0.001
2017,GROVFO,522,2,0.001
2017,GROVFO,522,3,0.001
2017,GROVFO,522,4,0.001
2017,GROVFO,522,5,0.00105
2017,GROVFO,522,6,0.00125
2017,GROVFO,522,7,0.00125
2017,GROVFO,523,1,0.002
2017,GROVFO,523,2,0.002
2017,GROVFO,523,3,0.002
2017,GROVFO,523,4,0.002
2017,GROVFO,523,5,0.0025
2017,GROVFO,523,6,0.00308
2017,GROVFO,523,7,0.00308
2017,GROVFO,832,1,0.2
2017,GROVFO,832,2,0.2
2017,GROVFO,832,3,0.2
2017,GROVFO,832,4,0.2
2017,GROVFO,832,5,0.25
2017,GROVFO,832,6,0.3
2017,GROVFO,832,7,0.3
2017,GROVFO,841,1,0.02
2017,GROVFO,841,2,0.02
2017,GROVFO,841,3,0.02
2017,GROVFO,841,4,0.02
2017,GROVFO,841,5,0.02
2017,GROVFO,841,6,0.02
2017,GROVFO,841,7,0.02
2017,GROVFO,STOR,1,5
2017,GROVFO,STOR,2,5
2017,GROVFO,STOR,3,5
2017,GROVFO,STOR,4,5
2017,GROVFO,STOR,5,5.5
2017,GROVFO,STOR,6,6.5
2017,GROVFO,STOR,7,6.5
2017,GROVFO,HEST,1,12
2017,GROVFO,HEST,2,12
2017,GROVFO,HEST,3,12
2017,GROVFO,HEST,4,12
2017,GROVFO,HEST,5,13
2017,GROVFO,HEST,6,15
2017,GROVFO,HEST,7,15
2017,GROVFO,VSAU,1,1.9
2017,GROVFO,VSAU,2,1.9
2017,GROVFO,VSAU,3,1.9
2017,GROVFO,VSAU,4,1.9
2017,GROVFO,VSAU,5,2.2
2017,GROVFO,VSAU,6,2.5
2017,GROVFO,VSAU,7,2.5
2017,INMARK,120,1,7
2017,INMARK,120,2,7
2017,INMARK,120,3,7
2017,INMARK,120,4,7
2017,INMARK,120,5,7.5
2017,INMARK,120,6,9
2017,INMARK,120,7,9
2017,INMARK,121,1,7
2017,INMARK,121,2,7
2017,INMARK,121,3,7
2017,INMARK,121,4,7
2017,INMARK,121,5,7.5
2017,INMARK,121,6,9
2017,INMARK,121,7,9
2017,INMARK,140,1,2
2017,INMARK,140,2,2
2017,INMARK,140,3,2
2017,INMARK,140,4,2
2017,INMARK,140,5,2.5
2017,INMARK,140,6,3
2017,INMARK,140,7,3
2017,INMARK,142,1,2
2017,INMARK,142,2,2
2017,INMARK,142,3,2
2017,INMARK,142,4,2
2017,INMARK,142,5,2.5
2017,INMARK,142,6,3
2017,INMARK,142,7,3
2017,INMARK,181,1,2
2017,INMARK,181,2,2
2017,INMARK,181,3,2
2017,INMARK,181,4,2
2017,INMARK,181,5,2.5
2017,INMARK,181,6,3
2017,INMARK,181,7,3
2017,INMARK,192,1,3
2017,INMARK,192,2,3
2017,INMARK,192,3,3
2017,INMARK,192,4,3
2017,INMARK,192,5,4
2017,INMARK,192,6,5
2017,INMARK,192,7,5
2017,INMARK,193,1,5.5
2017,INMARK,193,2,5.5
2017,INMARK,193,3,5.5
2017,INMARK,193,4,5.5
2017,INMARK,193,5,6
2017,INMARK,193,6,7.5
2017,INMARK,193,7,7.5
2017,INMARK,196,1,3
2017,INMARK,196,2,3
2017,INMARK,196,3,3
2017,INMARK,196,4,3
2017,INMARK,196,5,4
2017,INMARK,196,6,5
2017,INMARK,196,7,5
2017,INMARK,197,1,3
2017,INMARK,197,2,3
2017,INMARK,197,3,3
2017,INMARK,197,4,3
2017,INMARK,197,5,4
2017,INMARK,197,6,5
2017,INMARK,197,7,5
2017,INMARK,STOR,1,3
2017,INMARK,STOR,2,3
2017,INMARK,STOR,3,3
2017,INMARK,STOR,4,3
2017,INMARK,STOR,5,4
2017,INMARK,STOR,6,5
2017,INMARK,STOR,7,5
2017,INMARK,HEST,1,5.5
2017,INMARK,HEST,2,5.5
2017,INMARK,HEST,3,5.5
2017,INMARK,HEST,4,5.5
2017,INMARK,HEST,5,6
2017,INMARK,HEST,6,7.5
2017,INMARK,HEST,7,7.5
2017,INMARK,VSAU,1,2.2
2017,INMARK,VSAU,2,2.2
2017,INMARK,VSAU,3,2.2
2017,INMARK,VSAU,4,2.2
2017,INMARK,VSAU,5,2.8
2017,INMARK,VSAU,6,3.3
2017,INMARK,VSAU,7,3.3
2018,GROVFO,120,1,14
2018,GROVFO,120,2,14
2018,GROVFO,120,3,14
2018,GROVFO,120,4,14
2018,GROVFO,120,5,15
2018,GROVFO,120,6,18
2018,GROVFO,120,7,18
2018,GROVFO,121,1,14
2018,GROVFO,121,2,14
2018,GROVFO,121,3,14
2018,GROVFO,121,4,14
2018,GROVFO,121,5,15
2018,GROVFO,121,6,18
2018,GROVFO,121,7,18
2018,GROVFO,140,1,1.75
2018,GROVFO,140,2,1.75
2018,GROVFO,140,3,1.75
2018,GROVFO,140,4,1.75
2018,GROVFO,140,5,2
2018,GROVFO,140,6,2.25
2018,GROVFO,140,7,2.25
2018,GROVFO,142,1,1.75
2018,GROVFO,142,2,1.75
2018,GROVFO,142,3,1.75
2018,GROVFO,142,4,1.75
2018,GROVFO,142,5,2
2018,GROVFO,142,6,2.25
2018,GROVFO,142,7,2.25
2018,GROVFO,155,1,0.75
2018,GROVFO,155,2,0.75
2018,GROVFO,155,3,0.75
2018,GROVFO,155,4,0.75
2018,GROVFO,155,5,1
2018,GROVFO,155,6,1.25
2018,GROVFO,155,7,1.25
2018,GROVFO,180,1,0.75
2018,GROVFO,180,2,0.75
2018,GROVFO,180,3,0.75
2018,GROVFO,180,4,0.75
2018,GROVFO,180,5,1
2018,GROVFO,180,6,1.25
2018,GROVFO,180,7,1.25
2018,GROVFO,181,1,5
2018,GROVFO,181,2,5
2018,GROVFO,181,3,5
2018,GROVFO,181,4,5
2018,GROVFO,181,5,5.5
2018,GROVFO,181,6,6.5
2018,GROVFO,181,7,6.5
2018,GROVFO,183,1,0.75
2018,GROVFO,183,2,0.75
2018,GROVFO,183,3,0.75
2018,GROVFO,183,4,0.75
2018,GROVFO,183,5,1
2018,GROVFO,183,6,1.25
2018,GROVFO,183,7,1.25
2018,GROVFO,192,1,5
2018,GROVFO,192,2,5
2018,GROVFO,192,3,5
2018,GROVFO,192,4,5
2018,GROVFO,192,5,5.5
2018,GROVFO,192,6,6.5
2018,GROVFO,192,7,6.5
2018,GROVFO,193,1,5
2018,GROVFO,193,2,5
2018,GROVFO,193,3,5
2018,GROVFO,193,4,5
2018,GROVFO,193,5,5.5
2018,GROVFO,193,6,6.5
2018,GROVFO,193,7,6.5
2018,GROVFO,196,1,5
2018,GROVFO,196,2,5
2018,GROVFO,196,3,5
2018,GROVFO,196,4,5
2018,GROVFO,196,5,5.5
2018,GROVFO,196,6,6.5
2018,GROVFO,196,7,6.5
2018,GROVFO,197,1,5
2018,GROVFO,197,2,5
2018,GROVFO,197,3,5
2018,GROVFO,197,4,5
2018,GROVFO,197,5,5.5
2018,GROVFO,197,6,6.5
2018,GROVFO,197,7,6.5
2018,GROVFO,521,1,0.0025
2018,GROVFO,521,2,0.0025
2018,GROVFO,521,3,0.0025
2018,GROVFO,521,4,0.0025
2018,GROVFO,521,5,0.00308
2018,GROVFO,521,6,0.00364
2018,GROVFO,521,7,0.00364
2018,GROVFO,522,1,0.001
2018,GROVFO,522,2,0.001
2018,GROVFO,522,3,0.001
2018,GROVFO,522,4,0.001
2018,GROVFO,522,5,0.00105
2018,GROVFO,522,6,0.00125
2018,GROVFO,522,7,0.00125
2018,GROVFO,523,1,0.002
2018,GROVFO,523,2,0.002
2018,GROVFO,523,3,0.002
2018,GROVFO,523,4,0.002
2018,GROVFO,523,5,0.0025
2018,GROVFO,523,6,0.00308
2018,GROVFO,523,7,0.00308
2018,GROVFO,832,1,0.2
2018,GROVFO,832,2,0.2
2018,GROVFO,832,3,0.2
2018,GROVFO,832,4,0.2
2018,GROVFO,832,5,0.25
2018,GROVFO,832,6,0.3
2018,GROVFO,832,7,0.3
2018,GROVFO,841,1,0.02
2018,GROVFO,841,2,0.02
2018,GROVFO,841,3,0.02
2018,GROVFO,841,4,0.02
2018,GROVFO,841,5,0.02
2018,GROVFO,841,6,0.02
2018,GROVFO,841,7,0.02
2018,GROVFO,STOR,1,5
2018,GROVFO,STOR,2,5
2018,GROVFO,STOR,3,5
2018,GROVFO,STOR,4,5
2018,GROVFO,STOR,5,5.5
2018,GROVFO,STOR,6,6.5
2018,GROVFO,STOR,7,6.5
2018,GROVFO,HEST,1,12
2018,GROVFO,HEST,2,12
2018,GROVFO,HEST,3,12
2018,GROVFO,HEST,4,12
2018,GROVFO,HEST,5,13
2018,GROVFO,HEST,6,15
2018,GROVFO,HEST,7,15
2018,GROVFO,VSAU,1,1.9
2018,GROVFO,VSAU,2,1.9
2018,GROVFO,VSAU,3,1.9
2018,GROVFO,VSAU,4,1.9
2018,GROVFO,VSAU,5,2.2
2018,GROVFO,VSAU,6,2.5
2018,GROVFO,VSAU,7,2.5
2018,INMARK,120,1,7
2018,INMARK,120,2,7
2018,INMARK,120,3,7
2018,INMARK,120,4,7
2018,INMARK,120,5,7.5
2018,INMARK,120,6,9
2018,INMARK,120,7,9
2018,INMARK,121,1,7
2018,INMARK,121,2,7
2018,INMARK,121,3,7
2018,INMARK,121,4,7
2018,INMARK,121,5,7.5
2018,INMARK,121,6,9
2018,INMARK,121,7,9
2018,INMARK,140,1,2
2018,INMARK,140,2,2
2018,INMARK,140,3,2
2018,INMARK,140,4,2
2018,INMARK,140,5,2.5
2018,INMARK,140,6,3
2018,INMARK,140,7,3
2018,INMARK,142,1,2
2018,INMARK,142,2,2
2018,INMARK,142,3,2
2018,INMARK,142,4,2
2018,INMARK,142,5,2.5
2018,INMARK,142,6,3
2018,INMARK,142,7,3
2018,INMARK,181,1,2
2018,INMARK,181,2,2
2018,INMARK,181,3,2
2018,INMARK,181,4,2
2018,INMARK,181,5,2.5
2018,INMARK,181,6,3
2018,INMARK,181,7,3
2018,INMARK,192,1,3
2018,INMARK,192,2,3
2018,INMARK,192,3,3
2018,INMARK,192,4,3
2018,INMARK,192,5,4
2018,INMARK,192,6,5
2018,INMARK,192,7,5
2018,INMARK,193,1,5.5
2018,INMARK,193,2,5.5
2018,INMARK,193,3,5.5
2018,INMARK,193,4,5.5
2018,INMARK,193,5,6
2018,INMARK,193,6,7.5
2018,INMARK,193,7,7.5
2018,INMARK,196,1,3
2018,INMARK,196,2,3
2018,INMARK,196,3,3
2018,INMARK,196,4,3
2018,INMARK,196,5,4
2018,INMARK,196,6,5
2018,INMARK,196,7,5
2018,INMARK,197,1,3
2018,INMARK,197,2,3
2018,INMARK,197,3,3
2018,INMARK,197,4,3
2018,INMARK,197,5,4
2018,INMARK,197,6,5
2018,INMARK,197,7,5
2018,INMARK,STOR,1,3
2018,INMARK,STOR,2,3
2018,INMARK,STOR,3,3
2018,INMARK,STOR,4,3
2018,INMARK,STOR,5,4
2018,INMARK,STOR,6,5
2018,INMARK,STOR,7,5
2018,INMARK,HEST,1,5.5
2018,INMARK,HEST,2,5.5
2018,INMARK,HEST,3,5.5
2018,INMARK,HEST,4,5.5
2018,INMARK,HEST,5,6
2018,INMARK,HEST,6,7.5
2018,INMARK,HEST,7,7.5
2018,INMARK,VSAU,1,2.2
2018,INMARK,VSAU,2,2.2
2018,INMARK,VSAU,3,2.2
2018,INMARK,VSAU,4,2.2
2018,INMARK,VSAU,5,2.8
2018,INMARK,VSAU,6,3.3
2018,INMARK,VSAU,7,3.3
